inner_iter,status,tree_size,tip_count,elapsed,elapsed_total,replicate,combo_id,combo_label,model,fast,max_t,pars
1,done,20,11,0.07599999999999996,0.07599999999999996,1,CR-1,"CR: mu=0.15, lambda=0.35 (max_t=3)",cr,FALSE,3,
1,done,8,5,0.01200000000000001,0.01200000000000001,2,CR-1,"CR: mu=0.15, lambda=0.35 (max_t=3)",cr,FALSE,3,
1,done,10,6,0.006999999999999895,0.006999999999999895,3,CR-1,"CR: mu=0.15, lambda=0.35 (max_t=3)",cr,FALSE,3,
1,done,12,7,0.008000000000000007,0.008000000000000007,4,CR-1,"CR: mu=0.15, lambda=0.35 (max_t=3)",cr,FALSE,3,
1,done,24,13,0.020000000000000018,0.020000000000000018,5,CR-1,"CR: mu=0.15, lambda=0.35 (max_t=3)",cr,FALSE,3,
1,done,8,5,0.02300000000000013,0.02300000000000013,6,CR-1,"CR: mu=0.15, lambda=0.35 (max_t=3)",cr,FALSE,3,
1,done,18,10,0.016999999999999904,0.016999999999999904,7,CR-1,"CR: mu=0.15, lambda=0.35 (max_t=3)",cr,FALSE,3,
1,done,4,3,0.010999999999999899,0.010999999999999899,8,CR-1,"CR: mu=0.15, lambda=0.35 (max_t=3)",cr,FALSE,3,
1,done,2,2,0.0020000000000000018,0.0020000000000000018,9,CR-1,"CR: mu=0.15, lambda=0.35 (max_t=3)",cr,FALSE,3,
1,done,8,5,0.008000000000000007,0.008000000000000007,10,CR-1,"CR: mu=0.15, lambda=0.35 (max_t=3)",cr,FALSE,3,
1,done,4,3,0.0029999999999998916,0.0029999999999998916,11,CR-1,"CR: mu=0.15, lambda=0.35 (max_t=3)",cr,FALSE,3,
1,done,8,5,0.0050000000000001155,0.0050000000000001155,12,CR-1,"CR: mu=0.15, lambda=0.35 (max_t=3)",cr,FALSE,3,
1,done,4,3,1.2499999999998623e-4,9.999999999998899e-4,1,CR-1,"CR: mu=0.15, lambda=0.35 (max_t=3)",cr,TRUE,3,
2,done,4,2,1.2499999999998623e-4,9.999999999998899e-4,1,CR-1,"CR: mu=0.15, lambda=0.35 (max_t=3)",cr,TRUE,3,
3,done,2,2,1.2499999999998623e-4,9.999999999998899e-4,1,CR-1,"CR: mu=0.15, lambda=0.35 (max_t=3)",cr,TRUE,3,
4,done,5,3,1.2499999999998623e-4,9.999999999998899e-4,1,CR-1,"CR: mu=0.15, lambda=0.35 (max_t=3)",cr,TRUE,3,
5,done,9,8,1.2499999999998623e-4,9.999999999998899e-4,1,CR-1,"CR: mu=0.15, lambda=0.35 (max_t=3)",cr,TRUE,3,
6,done,11,8,1.2499999999998623e-4,9.999999999998899e-4,1,CR-1,"CR: mu=0.15, lambda=0.35 (max_t=3)",cr,TRUE,3,
7,done,7,4,1.2499999999998623e-4,9.999999999998899e-4,1,CR-1,"CR: mu=0.15, lambda=0.35 (max_t=3)",cr,TRUE,3,
8,done,2,2,1.2499999999998623e-4,9.999999999998899e-4,1,CR-1,"CR: mu=0.15, lambda=0.35 (max_t=3)",cr,TRUE,3,
1,done,5,4,1.2499999999998623e-4,9.999999999998899e-4,2,CR-1,"CR: mu=0.15, lambda=0.35 (max_t=3)",cr,TRUE,3,
2,done,3,3,1.2499999999998623e-4,9.999999999998899e-4,2,CR-1,"CR: mu=0.15, lambda=0.35 (max_t=3)",cr,TRUE,3,
3,done,11,10,1.2499999999998623e-4,9.999999999998899e-4,2,CR-1,"CR: mu=0.15, lambda=0.35 (max_t=3)",cr,TRUE,3,
4,done,2,2,1.2499999999998623e-4,9.999999999998899e-4,2,CR-1,"CR: mu=0.15, lambda=0.35 (max_t=3)",cr,TRUE,3,
5,done,6,5,1.2499999999998623e-4,9.999999999998899e-4,2,CR-1,"CR: mu=0.15, lambda=0.35 (max_t=3)",cr,TRUE,3,
6,done,4,3,1.2499999999998623e-4,9.999999999998899e-4,2,CR-1,"CR: mu=0.15, lambda=0.35 (max_t=3)",cr,TRUE,3,
7,done,3,3,1.2499999999998623e-4,9.999999999998899e-4,2,CR-1,"CR: mu=0.15, lambda=0.35 (max_t=3)",cr,TRUE,3,
8,done,4,4,1.2499999999998623e-4,9.999999999998899e-4,2,CR-1,"CR: mu=0.15, lambda=0.35 (max_t=3)",cr,TRUE,3,
1,done,3,2,1.25000000000014e-4,0.001000000000000112,3,CR-1,"CR: mu=0.15, lambda=0.35 (max_t=3)",cr,TRUE,3,
2,done,4,4,1.25000000000014e-4,0.001000000000000112,3,CR-1,"CR: mu=0.15, lambda=0.35 (max_t=3)",cr,TRUE,3,
3,done,3,3,1.25000000000014e-4,0.001000000000000112,3,CR-1,"CR: mu=0.15, lambda=0.35 (max_t=3)",cr,TRUE,3,
4,done,3,2,1.25000000000014e-4,0.001000000000000112,3,CR-1,"CR: mu=0.15, lambda=0.35 (max_t=3)",cr,TRUE,3,
5,done,3,3,1.25000000000014e-4,0.001000000000000112,3,CR-1,"CR: mu=0.15, lambda=0.35 (max_t=3)",cr,TRUE,3,
6,done,7,7,1.25000000000014e-4,0.001000000000000112,3,CR-1,"CR: mu=0.15, lambda=0.35 (max_t=3)",cr,TRUE,3,
7,done,7,3,1.25000000000014e-4,0.001000000000000112,3,CR-1,"CR: mu=0.15, lambda=0.35 (max_t=3)",cr,TRUE,3,
8,done,7,7,1.25000000000014e-4,0.001000000000000112,3,CR-1,"CR: mu=0.15, lambda=0.35 (max_t=3)",cr,TRUE,3,
1,done,6,6,0,0,4,CR-1,"CR: mu=0.15, lambda=0.35 (max_t=3)",cr,TRUE,3,
2,done,3,2,0,0,4,CR-1,"CR: mu=0.15, lambda=0.35 (max_t=3)",cr,TRUE,3,
3,done,3,3,0,0,4,CR-1,"CR: mu=0.15, lambda=0.35 (max_t=3)",cr,TRUE,3,
4,done,11,9,0,0,4,CR-1,"CR: mu=0.15, lambda=0.35 (max_t=3)",cr,TRUE,3,
5,done,6,5,0,0,4,CR-1,"CR: mu=0.15, lambda=0.35 (max_t=3)",cr,TRUE,3,
6,done,3,3,0,0,4,CR-1,"CR: mu=0.15, lambda=0.35 (max_t=3)",cr,TRUE,3,
7,done,6,5,0,0,4,CR-1,"CR: mu=0.15, lambda=0.35 (max_t=3)",cr,TRUE,3,
8,done,6,6,0,0,4,CR-1,"CR: mu=0.15, lambda=0.35 (max_t=3)",cr,TRUE,3,
1,done,5,3,0,0,5,CR-1,"CR: mu=0.15, lambda=0.35 (max_t=3)",cr,TRUE,3,
2,done,19,16,0,0,5,CR-1,"CR: mu=0.15, lambda=0.35 (max_t=3)",cr,TRUE,3,
3,done,4,3,0,0,5,CR-1,"CR: mu=0.15, lambda=0.35 (max_t=3)",cr,TRUE,3,
4,done,7,6,0,0,5,CR-1,"CR: mu=0.15, lambda=0.35 (max_t=3)",cr,TRUE,3,
5,done,5,3,0,0,5,CR-1,"CR: mu=0.15, lambda=0.35 (max_t=3)",cr,TRUE,3,
6,done,8,7,0,0,5,CR-1,"CR: mu=0.15, lambda=0.35 (max_t=3)",cr,TRUE,3,
7,done,2,2,0,0,5,CR-1,"CR: mu=0.15, lambda=0.35 (max_t=3)",cr,TRUE,3,
8,done,4,2,0,0,5,CR-1,"CR: mu=0.15, lambda=0.35 (max_t=3)",cr,TRUE,3,
1,done,6,6,1.2499999999998623e-4,9.999999999998899e-4,6,CR-1,"CR: mu=0.15, lambda=0.35 (max_t=3)",cr,TRUE,3,
2,done,3,3,1.2499999999998623e-4,9.999999999998899e-4,6,CR-1,"CR: mu=0.15, lambda=0.35 (max_t=3)",cr,TRUE,3,
3,done,4,4,1.2499999999998623e-4,9.999999999998899e-4,6,CR-1,"CR: mu=0.15, lambda=0.35 (max_t=3)",cr,TRUE,3,
4,done,3,3,1.2499999999998623e-4,9.999999999998899e-4,6,CR-1,"CR: mu=0.15, lambda=0.35 (max_t=3)",cr,TRUE,3,
5,done,6,3,1.2499999999998623e-4,9.999999999998899e-4,6,CR-1,"CR: mu=0.15, lambda=0.35 (max_t=3)",cr,TRUE,3,
6,done,3,3,1.2499999999998623e-4,9.999999999998899e-4,6,CR-1,"CR: mu=0.15, lambda=0.35 (max_t=3)",cr,TRUE,3,
7,done,6,6,1.2499999999998623e-4,9.999999999998899e-4,6,CR-1,"CR: mu=0.15, lambda=0.35 (max_t=3)",cr,TRUE,3,
8,done,7,6,1.2499999999998623e-4,9.999999999998899e-4,6,CR-1,"CR: mu=0.15, lambda=0.35 (max_t=3)",cr,TRUE,3,
1,done,4,3,0,0,7,CR-1,"CR: mu=0.15, lambda=0.35 (max_t=3)",cr,TRUE,3,
2,done,8,6,0,0,7,CR-1,"CR: mu=0.15, lambda=0.35 (max_t=3)",cr,TRUE,3,
3,done,11,8,0,0,7,CR-1,"CR: mu=0.15, lambda=0.35 (max_t=3)",cr,TRUE,3,
4,done,7,7,0,0,7,CR-1,"CR: mu=0.15, lambda=0.35 (max_t=3)",cr,TRUE,3,
5,done,2,2,0,0,7,CR-1,"CR: mu=0.15, lambda=0.35 (max_t=3)",cr,TRUE,3,
6,done,7,6,0,0,7,CR-1,"CR: mu=0.15, lambda=0.35 (max_t=3)",cr,TRUE,3,
7,done,5,2,0,0,7,CR-1,"CR: mu=0.15, lambda=0.35 (max_t=3)",cr,TRUE,3,
8,done,2,2,0,0,7,CR-1,"CR: mu=0.15, lambda=0.35 (max_t=3)",cr,TRUE,3,
1,done,7,5,1.2499999999998623e-4,9.999999999998899e-4,8,CR-1,"CR: mu=0.15, lambda=0.35 (max_t=3)",cr,TRUE,3,
2,done,11,9,1.2499999999998623e-4,9.999999999998899e-4,8,CR-1,"CR: mu=0.15, lambda=0.35 (max_t=3)",cr,TRUE,3,
3,done,4,3,1.2499999999998623e-4,9.999999999998899e-4,8,CR-1,"CR: mu=0.15, lambda=0.35 (max_t=3)",cr,TRUE,3,
4,done,6,6,1.2499999999998623e-4,9.999999999998899e-4,8,CR-1,"CR: mu=0.15, lambda=0.35 (max_t=3)",cr,TRUE,3,
5,done,6,4,1.2499999999998623e-4,9.999999999998899e-4,8,CR-1,"CR: mu=0.15, lambda=0.35 (max_t=3)",cr,TRUE,3,
6,done,2,2,1.2499999999998623e-4,9.999999999998899e-4,8,CR-1,"CR: mu=0.15, lambda=0.35 (max_t=3)",cr,TRUE,3,
7,done,2,2,1.2499999999998623e-4,9.999999999998899e-4,8,CR-1,"CR: mu=0.15, lambda=0.35 (max_t=3)",cr,TRUE,3,
8,done,2,2,1.2499999999998623e-4,9.999999999998899e-4,8,CR-1,"CR: mu=0.15, lambda=0.35 (max_t=3)",cr,TRUE,3,
1,done,2,2,1.2499999999998623e-4,9.999999999998899e-4,9,CR-1,"CR: mu=0.15, lambda=0.35 (max_t=3)",cr,TRUE,3,
2,done,3,2,1.2499999999998623e-4,9.999999999998899e-4,9,CR-1,"CR: mu=0.15, lambda=0.35 (max_t=3)",cr,TRUE,3,
3,done,4,4,1.2499999999998623e-4,9.999999999998899e-4,9,CR-1,"CR: mu=0.15, lambda=0.35 (max_t=3)",cr,TRUE,3,
4,done,5,5,1.2499999999998623e-4,9.999999999998899e-4,9,CR-1,"CR: mu=0.15, lambda=0.35 (max_t=3)",cr,TRUE,3,
5,done,6,5,1.2499999999998623e-4,9.999999999998899e-4,9,CR-1,"CR: mu=0.15, lambda=0.35 (max_t=3)",cr,TRUE,3,
6,done,4,4,1.2499999999998623e-4,9.999999999998899e-4,9,CR-1,"CR: mu=0.15, lambda=0.35 (max_t=3)",cr,TRUE,3,
7,done,5,5,1.2499999999998623e-4,9.999999999998899e-4,9,CR-1,"CR: mu=0.15, lambda=0.35 (max_t=3)",cr,TRUE,3,
8,done,4,4,1.2499999999998623e-4,9.999999999998899e-4,9,CR-1,"CR: mu=0.15, lambda=0.35 (max_t=3)",cr,TRUE,3,
1,done,3,2,1.2499999999998623e-4,9.999999999998899e-4,10,CR-1,"CR: mu=0.15, lambda=0.35 (max_t=3)",cr,TRUE,3,
2,done,7,6,1.2499999999998623e-4,9.999999999998899e-4,10,CR-1,"CR: mu=0.15, lambda=0.35 (max_t=3)",cr,TRUE,3,
3,done,6,4,1.2499999999998623e-4,9.999999999998899e-4,10,CR-1,"CR: mu=0.15, lambda=0.35 (max_t=3)",cr,TRUE,3,
4,done,5,3,1.2499999999998623e-4,9.999999999998899e-4,10,CR-1,"CR: mu=0.15, lambda=0.35 (max_t=3)",cr,TRUE,3,
5,done,5,4,1.2499999999998623e-4,9.999999999998899e-4,10,CR-1,"CR: mu=0.15, lambda=0.35 (max_t=3)",cr,TRUE,3,
6,done,11,10,1.2499999999998623e-4,9.999999999998899e-4,10,CR-1,"CR: mu=0.15, lambda=0.35 (max_t=3)",cr,TRUE,3,
7,done,9,9,1.2499999999998623e-4,9.999999999998899e-4,10,CR-1,"CR: mu=0.15, lambda=0.35 (max_t=3)",cr,TRUE,3,
8,done,2,2,1.2499999999998623e-4,9.999999999998899e-4,10,CR-1,"CR: mu=0.15, lambda=0.35 (max_t=3)",cr,TRUE,3,
1,done,3,2,0,0,11,CR-1,"CR: mu=0.15, lambda=0.35 (max_t=3)",cr,TRUE,3,
2,done,11,10,0,0,11,CR-1,"CR: mu=0.15, lambda=0.35 (max_t=3)",cr,TRUE,3,
3,done,11,10,0,0,11,CR-1,"CR: mu=0.15, lambda=0.35 (max_t=3)",cr,TRUE,3,
4,done,3,3,0,0,11,CR-1,"CR: mu=0.15, lambda=0.35 (max_t=3)",cr,TRUE,3,
5,done,6,3,0,0,11,CR-1,"CR: mu=0.15, lambda=0.35 (max_t=3)",cr,TRUE,3,
6,done,8,8,0,0,11,CR-1,"CR: mu=0.15, lambda=0.35 (max_t=3)",cr,TRUE,3,
7,done,4,3,0,0,11,CR-1,"CR: mu=0.15, lambda=0.35 (max_t=3)",cr,TRUE,3,
8,done,10,9,0,0,11,CR-1,"CR: mu=0.15, lambda=0.35 (max_t=3)",cr,TRUE,3,
1,done,10,9,0,0,12,CR-1,"CR: mu=0.15, lambda=0.35 (max_t=3)",cr,TRUE,3,
2,done,6,5,0,0,12,CR-1,"CR: mu=0.15, lambda=0.35 (max_t=3)",cr,TRUE,3,
3,done,3,2,0,0,12,CR-1,"CR: mu=0.15, lambda=0.35 (max_t=3)",cr,TRUE,3,
4,done,3,3,0,0,12,CR-1,"CR: mu=0.15, lambda=0.35 (max_t=3)",cr,TRUE,3,
5,done,9,7,0,0,12,CR-1,"CR: mu=0.15, lambda=0.35 (max_t=3)",cr,TRUE,3,
6,done,6,5,0,0,12,CR-1,"CR: mu=0.15, lambda=0.35 (max_t=3)",cr,TRUE,3,
7,done,6,4,0,0,12,CR-1,"CR: mu=0.15, lambda=0.35 (max_t=3)",cr,TRUE,3,
8,done,5,5,0,0,12,CR-1,"CR: mu=0.15, lambda=0.35 (max_t=3)",cr,TRUE,3,
1,done,34,18,0.03400000000000025,0.03400000000000025,1,CR-2,"CR: mu=0.10, lambda=0.55 (max_t=6)",cr,FALSE,6,
1,done,102,52,0.2320000000000002,0.2320000000000002,2,CR-2,"CR: mu=0.10, lambda=0.55 (max_t=6)",cr,FALSE,6,
1,done,82,42,0.19099999999999984,0.19099999999999984,3,CR-2,"CR: mu=0.10, lambda=0.55 (max_t=6)",cr,FALSE,6,
1,done,34,18,0.03300000000000036,0.03300000000000036,4,CR-2,"CR: mu=0.10, lambda=0.55 (max_t=6)",cr,FALSE,6,
1,done,88,45,0.17499999999999982,0.17499999999999982,5,CR-2,"CR: mu=0.10, lambda=0.55 (max_t=6)",cr,FALSE,6,
1,done,168,85,0.5189999999999997,0.5189999999999997,6,CR-2,"CR: mu=0.10, lambda=0.55 (max_t=6)",cr,FALSE,6,
1,done,116,59,0.23599999999999977,0.23599999999999977,7,CR-2,"CR: mu=0.10, lambda=0.55 (max_t=6)",cr,FALSE,6,
1,done,118,60,0.29499999999999993,0.29499999999999993,8,CR-2,"CR: mu=0.10, lambda=0.55 (max_t=6)",cr,FALSE,6,
1,done,68,35,0.1299999999999999,0.1299999999999999,9,CR-2,"CR: mu=0.10, lambda=0.55 (max_t=6)",cr,FALSE,6,
1,done,114,58,0.4249999999999998,0.4249999999999998,10,CR-2,"CR: mu=0.10, lambda=0.55 (max_t=6)",cr,FALSE,6,
1,done,40,21,0.07299999999999951,0.07299999999999951,11,CR-2,"CR: mu=0.10, lambda=0.55 (max_t=6)",cr,FALSE,6,
1,done,28,15,0.020999999999999908,0.020999999999999908,12,CR-2,"CR: mu=0.10, lambda=0.55 (max_t=6)",cr,FALSE,6,
1,done,45,38,1.2500000000004174e-4,0.001000000000000334,1,CR-2,"CR: mu=0.10, lambda=0.55 (max_t=6)",cr,TRUE,6,
2,done,23,18,1.2500000000004174e-4,0.001000000000000334,1,CR-2,"CR: mu=0.10, lambda=0.55 (max_t=6)",cr,TRUE,6,
3,done,30,19,1.2500000000004174e-4,0.001000000000000334,1,CR-2,"CR: mu=0.10, lambda=0.55 (max_t=6)",cr,TRUE,6,
4,done,19,17,1.2500000000004174e-4,0.001000000000000334,1,CR-2,"CR: mu=0.10, lambda=0.55 (max_t=6)",cr,TRUE,6,
5,done,213,179,1.2500000000004174e-4,0.001000000000000334,1,CR-2,"CR: mu=0.10, lambda=0.55 (max_t=6)",cr,TRUE,6,
6,done,31,25,1.2500000000004174e-4,0.001000000000000334,1,CR-2,"CR: mu=0.10, lambda=0.55 (max_t=6)",cr,TRUE,6,
7,done,30,24,1.2500000000004174e-4,0.001000000000000334,1,CR-2,"CR: mu=0.10, lambda=0.55 (max_t=6)",cr,TRUE,6,
8,done,36,26,1.2500000000004174e-4,0.001000000000000334,1,CR-2,"CR: mu=0.10, lambda=0.55 (max_t=6)",cr,TRUE,6,
1,done,20,19,0,0,2,CR-2,"CR: mu=0.10, lambda=0.55 (max_t=6)",cr,TRUE,6,
2,done,42,36,0,0,2,CR-2,"CR: mu=0.10, lambda=0.55 (max_t=6)",cr,TRUE,6,
3,done,16,11,0,0,2,CR-2,"CR: mu=0.10, lambda=0.55 (max_t=6)",cr,TRUE,6,
4,done,60,47,0,0,2,CR-2,"CR: mu=0.10, lambda=0.55 (max_t=6)",cr,TRUE,6,
5,done,102,87,0,0,2,CR-2,"CR: mu=0.10, lambda=0.55 (max_t=6)",cr,TRUE,6,
6,done,28,23,0,0,2,CR-2,"CR: mu=0.10, lambda=0.55 (max_t=6)",cr,TRUE,6,
7,done,60,54,0,0,2,CR-2,"CR: mu=0.10, lambda=0.55 (max_t=6)",cr,TRUE,6,
8,done,21,18,0,0,2,CR-2,"CR: mu=0.10, lambda=0.55 (max_t=6)",cr,TRUE,6,
1,done,127,108,1.2500000000004174e-4,0.001000000000000334,3,CR-2,"CR: mu=0.10, lambda=0.55 (max_t=6)",cr,TRUE,6,
2,done,14,12,1.2500000000004174e-4,0.001000000000000334,3,CR-2,"CR: mu=0.10, lambda=0.55 (max_t=6)",cr,TRUE,6,
3,done,112,90,1.2500000000004174e-4,0.001000000000000334,3,CR-2,"CR: mu=0.10, lambda=0.55 (max_t=6)",cr,TRUE,6,
4,done,59,52,1.2500000000004174e-4,0.001000000000000334,3,CR-2,"CR: mu=0.10, lambda=0.55 (max_t=6)",cr,TRUE,6,
5,done,22,16,1.2500000000004174e-4,0.001000000000000334,3,CR-2,"CR: mu=0.10, lambda=0.55 (max_t=6)",cr,TRUE,6,
6,done,73,62,1.2500000000004174e-4,0.001000000000000334,3,CR-2,"CR: mu=0.10, lambda=0.55 (max_t=6)",cr,TRUE,6,
7,done,75,60,1.2500000000004174e-4,0.001000000000000334,3,CR-2,"CR: mu=0.10, lambda=0.55 (max_t=6)",cr,TRUE,6,
8,done,6,4,1.2500000000004174e-4,0.001000000000000334,3,CR-2,"CR: mu=0.10, lambda=0.55 (max_t=6)",cr,TRUE,6,
1,done,32,29,1.2500000000004174e-4,0.001000000000000334,4,CR-2,"CR: mu=0.10, lambda=0.55 (max_t=6)",cr,TRUE,6,
2,done,61,48,1.2500000000004174e-4,0.001000000000000334,4,CR-2,"CR: mu=0.10, lambda=0.55 (max_t=6)",cr,TRUE,6,
3,done,111,94,1.2500000000004174e-4,0.001000000000000334,4,CR-2,"CR: mu=0.10, lambda=0.55 (max_t=6)",cr,TRUE,6,
4,done,58,52,1.2500000000004174e-4,0.001000000000000334,4,CR-2,"CR: mu=0.10, lambda=0.55 (max_t=6)",cr,TRUE,6,
5,done,112,100,1.2500000000004174e-4,0.001000000000000334,4,CR-2,"CR: mu=0.10, lambda=0.55 (max_t=6)",cr,TRUE,6,
6,done,18,10,1.2500000000004174e-4,0.001000000000000334,4,CR-2,"CR: mu=0.10, lambda=0.55 (max_t=6)",cr,TRUE,6,
7,done,24,20,1.2500000000004174e-4,0.001000000000000334,4,CR-2,"CR: mu=0.10, lambda=0.55 (max_t=6)",cr,TRUE,6,
8,done,45,39,1.2500000000004174e-4,0.001000000000000334,4,CR-2,"CR: mu=0.10, lambda=0.55 (max_t=6)",cr,TRUE,6,
1,done,17,15,0,0,5,CR-2,"CR: mu=0.10, lambda=0.55 (max_t=6)",cr,TRUE,6,
2,done,27,22,0,0,5,CR-2,"CR: mu=0.10, lambda=0.55 (max_t=6)",cr,TRUE,6,
3,done,63,51,0,0,5,CR-2,"CR: mu=0.10, lambda=0.55 (max_t=6)",cr,TRUE,6,
4,done,22,21,0,0,5,CR-2,"CR: mu=0.10, lambda=0.55 (max_t=6)",cr,TRUE,6,
5,done,4,3,0,0,5,CR-2,"CR: mu=0.10, lambda=0.55 (max_t=6)",cr,TRUE,6,
6,done,92,79,0,0,5,CR-2,"CR: mu=0.10, lambda=0.55 (max_t=6)",cr,TRUE,6,
7,done,21,17,0,0,5,CR-2,"CR: mu=0.10, lambda=0.55 (max_t=6)",cr,TRUE,6,
8,done,162,145,0,0,5,CR-2,"CR: mu=0.10, lambda=0.55 (max_t=6)",cr,TRUE,6,
1,done,23,19,0,0,6,CR-2,"CR: mu=0.10, lambda=0.55 (max_t=6)",cr,TRUE,6,
2,done,59,48,0,0,6,CR-2,"CR: mu=0.10, lambda=0.55 (max_t=6)",cr,TRUE,6,
3,done,20,18,0,0,6,CR-2,"CR: mu=0.10, lambda=0.55 (max_t=6)",cr,TRUE,6,
4,done,7,7,0,0,6,CR-2,"CR: mu=0.10, lambda=0.55 (max_t=6)",cr,TRUE,6,
5,done,64,55,0,0,6,CR-2,"CR: mu=0.10, lambda=0.55 (max_t=6)",cr,TRUE,6,
6,done,33,26,0,0,6,CR-2,"CR: mu=0.10, lambda=0.55 (max_t=6)",cr,TRUE,6,
7,done,64,57,0,0,6,CR-2,"CR: mu=0.10, lambda=0.55 (max_t=6)",cr,TRUE,6,
8,done,25,22,0,0,6,CR-2,"CR: mu=0.10, lambda=0.55 (max_t=6)",cr,TRUE,6,
1,done,38,33,0,0,7,CR-2,"CR: mu=0.10, lambda=0.55 (max_t=6)",cr,TRUE,6,
2,done,48,43,0,0,7,CR-2,"CR: mu=0.10, lambda=0.55 (max_t=6)",cr,TRUE,6,
3,done,21,16,0,0,7,CR-2,"CR: mu=0.10, lambda=0.55 (max_t=6)",cr,TRUE,6,
4,done,11,8,0,0,7,CR-2,"CR: mu=0.10, lambda=0.55 (max_t=6)",cr,TRUE,6,
5,done,24,20,0,0,7,CR-2,"CR: mu=0.10, lambda=0.55 (max_t=6)",cr,TRUE,6,
6,done,93,74,0,0,7,CR-2,"CR: mu=0.10, lambda=0.55 (max_t=6)",cr,TRUE,6,
7,done,26,25,0,0,7,CR-2,"CR: mu=0.10, lambda=0.55 (max_t=6)",cr,TRUE,6,
8,done,118,95,0,0,7,CR-2,"CR: mu=0.10, lambda=0.55 (max_t=6)",cr,TRUE,6,
1,done,66,55,1.2499999999993072e-4,9.999999999994458e-4,8,CR-2,"CR: mu=0.10, lambda=0.55 (max_t=6)",cr,TRUE,6,
2,done,17,13,1.2499999999993072e-4,9.999999999994458e-4,8,CR-2,"CR: mu=0.10, lambda=0.55 (max_t=6)",cr,TRUE,6,
3,done,54,42,1.2499999999993072e-4,9.999999999994458e-4,8,CR-2,"CR: mu=0.10, lambda=0.55 (max_t=6)",cr,TRUE,6,
4,done,30,23,1.2499999999993072e-4,9.999999999994458e-4,8,CR-2,"CR: mu=0.10, lambda=0.55 (max_t=6)",cr,TRUE,6,
5,done,38,29,1.2499999999993072e-4,9.999999999994458e-4,8,CR-2,"CR: mu=0.10, lambda=0.55 (max_t=6)",cr,TRUE,6,
6,done,5,2,1.2499999999993072e-4,9.999999999994458e-4,8,CR-2,"CR: mu=0.10, lambda=0.55 (max_t=6)",cr,TRUE,6,
7,done,58,45,1.2499999999993072e-4,9.999999999994458e-4,8,CR-2,"CR: mu=0.10, lambda=0.55 (max_t=6)",cr,TRUE,6,
8,done,109,93,1.2499999999993072e-4,9.999999999994458e-4,8,CR-2,"CR: mu=0.10, lambda=0.55 (max_t=6)",cr,TRUE,6,
1,done,20,15,0,0,9,CR-2,"CR: mu=0.10, lambda=0.55 (max_t=6)",cr,TRUE,6,
2,done,29,19,0,0,9,CR-2,"CR: mu=0.10, lambda=0.55 (max_t=6)",cr,TRUE,6,
3,done,41,32,0,0,9,CR-2,"CR: mu=0.10, lambda=0.55 (max_t=6)",cr,TRUE,6,
4,done,36,32,0,0,9,CR-2,"CR: mu=0.10, lambda=0.55 (max_t=6)",cr,TRUE,6,
5,done,30,27,0,0,9,CR-2,"CR: mu=0.10, lambda=0.55 (max_t=6)",cr,TRUE,6,
6,done,73,61,0,0,9,CR-2,"CR: mu=0.10, lambda=0.55 (max_t=6)",cr,TRUE,6,
7,done,22,14,0,0,9,CR-2,"CR: mu=0.10, lambda=0.55 (max_t=6)",cr,TRUE,6,
8,done,47,35,0,0,9,CR-2,"CR: mu=0.10, lambda=0.55 (max_t=6)",cr,TRUE,6,
1,done,108,91,0,0,10,CR-2,"CR: mu=0.10, lambda=0.55 (max_t=6)",cr,TRUE,6,
2,done,85,73,0,0,10,CR-2,"CR: mu=0.10, lambda=0.55 (max_t=6)",cr,TRUE,6,
3,done,52,43,0,0,10,CR-2,"CR: mu=0.10, lambda=0.55 (max_t=6)",cr,TRUE,6,
4,done,13,11,0,0,10,CR-2,"CR: mu=0.10, lambda=0.55 (max_t=6)",cr,TRUE,6,
5,done,76,66,0,0,10,CR-2,"CR: mu=0.10, lambda=0.55 (max_t=6)",cr,TRUE,6,
6,done,43,36,0,0,10,CR-2,"CR: mu=0.10, lambda=0.55 (max_t=6)",cr,TRUE,6,
7,done,12,7,0,0,10,CR-2,"CR: mu=0.10, lambda=0.55 (max_t=6)",cr,TRUE,6,
8,done,62,52,0,0,10,CR-2,"CR: mu=0.10, lambda=0.55 (max_t=6)",cr,TRUE,6,
1,done,49,39,0,0,11,CR-2,"CR: mu=0.10, lambda=0.55 (max_t=6)",cr,TRUE,6,
2,done,80,64,0,0,11,CR-2,"CR: mu=0.10, lambda=0.55 (max_t=6)",cr,TRUE,6,
3,done,53,44,0,0,11,CR-2,"CR: mu=0.10, lambda=0.55 (max_t=6)",cr,TRUE,6,
4,done,16,11,0,0,11,CR-2,"CR: mu=0.10, lambda=0.55 (max_t=6)",cr,TRUE,6,
5,done,32,24,0,0,11,CR-2,"CR: mu=0.10, lambda=0.55 (max_t=6)",cr,TRUE,6,
6,done,44,36,0,0,11,CR-2,"CR: mu=0.10, lambda=0.55 (max_t=6)",cr,TRUE,6,
7,done,14,10,0,0,11,CR-2,"CR: mu=0.10, lambda=0.55 (max_t=6)",cr,TRUE,6,
8,done,21,19,0,0,11,CR-2,"CR: mu=0.10, lambda=0.55 (max_t=6)",cr,TRUE,6,
1,done,15,14,0,0,12,CR-2,"CR: mu=0.10, lambda=0.55 (max_t=6)",cr,TRUE,6,
2,done,70,59,0,0,12,CR-2,"CR: mu=0.10, lambda=0.55 (max_t=6)",cr,TRUE,6,
3,done,20,15,0,0,12,CR-2,"CR: mu=0.10, lambda=0.55 (max_t=6)",cr,TRUE,6,
4,done,13,11,0,0,12,CR-2,"CR: mu=0.10, lambda=0.55 (max_t=6)",cr,TRUE,6,
5,done,95,86,0,0,12,CR-2,"CR: mu=0.10, lambda=0.55 (max_t=6)",cr,TRUE,6,
6,done,38,36,0,0,12,CR-2,"CR: mu=0.10, lambda=0.55 (max_t=6)",cr,TRUE,6,
7,done,16,11,0,0,12,CR-2,"CR: mu=0.10, lambda=0.55 (max_t=6)",cr,TRUE,6,
8,done,59,49,0,0,12,CR-2,"CR: mu=0.10, lambda=0.55 (max_t=6)",cr,TRUE,6,
1,done,1453,1357,2.500000000000835e-4,0.002000000000000668,1,CR-3,"CR: mu=0.05, lambda=0.75 (max_t=9)",cr,TRUE,9,
2,done,322,293,2.500000000000835e-4,0.002000000000000668,1,CR-3,"CR: mu=0.05, lambda=0.75 (max_t=9)",cr,TRUE,9,
3,done,2351,2203,2.500000000000835e-4,0.002000000000000668,1,CR-3,"CR: mu=0.05, lambda=0.75 (max_t=9)",cr,TRUE,9,
4,done,2410,2248,2.500000000000835e-4,0.002000000000000668,1,CR-3,"CR: mu=0.05, lambda=0.75 (max_t=9)",cr,TRUE,9,
5,done,981,918,2.500000000000835e-4,0.002000000000000668,1,CR-3,"CR: mu=0.05, lambda=0.75 (max_t=9)",cr,TRUE,9,
6,done,1011,951,2.500000000000835e-4,0.002000000000000668,1,CR-3,"CR: mu=0.05, lambda=0.75 (max_t=9)",cr,TRUE,9,
7,done,601,558,2.500000000000835e-4,0.002000000000000668,1,CR-3,"CR: mu=0.05, lambda=0.75 (max_t=9)",cr,TRUE,9,
8,done,678,628,2.500000000000835e-4,0.002000000000000668,1,CR-3,"CR: mu=0.05, lambda=0.75 (max_t=9)",cr,TRUE,9,
1,done,606,564,2.4999999999997247e-4,0.0019999999999997797,2,CR-3,"CR: mu=0.05, lambda=0.75 (max_t=9)",cr,TRUE,9,
2,done,1328,1239,2.4999999999997247e-4,0.0019999999999997797,2,CR-3,"CR: mu=0.05, lambda=0.75 (max_t=9)",cr,TRUE,9,
3,done,1130,1048,2.4999999999997247e-4,0.0019999999999997797,2,CR-3,"CR: mu=0.05, lambda=0.75 (max_t=9)",cr,TRUE,9,
4,done,2571,2386,2.4999999999997247e-4,0.0019999999999997797,2,CR-3,"CR: mu=0.05, lambda=0.75 (max_t=9)",cr,TRUE,9,
5,done,1217,1115,2.4999999999997247e-4,0.0019999999999997797,2,CR-3,"CR: mu=0.05, lambda=0.75 (max_t=9)",cr,TRUE,9,
6,done,2804,2647,2.4999999999997247e-4,0.0019999999999997797,2,CR-3,"CR: mu=0.05, lambda=0.75 (max_t=9)",cr,TRUE,9,
7,done,2053,1929,2.4999999999997247e-4,0.0019999999999997797,2,CR-3,"CR: mu=0.05, lambda=0.75 (max_t=9)",cr,TRUE,9,
8,done,878,822,2.4999999999997247e-4,0.0019999999999997797,2,CR-3,"CR: mu=0.05, lambda=0.75 (max_t=9)",cr,TRUE,9,
1,done,650,598,2.4999999999997247e-4,0.0019999999999997797,3,CR-3,"CR: mu=0.05, lambda=0.75 (max_t=9)",cr,TRUE,9,
2,done,368,335,2.4999999999997247e-4,0.0019999999999997797,3,CR-3,"CR: mu=0.05, lambda=0.75 (max_t=9)",cr,TRUE,9,
3,done,3308,3084,2.4999999999997247e-4,0.0019999999999997797,3,CR-3,"CR: mu=0.05, lambda=0.75 (max_t=9)",cr,TRUE,9,
4,done,284,261,2.4999999999997247e-4,0.0019999999999997797,3,CR-3,"CR: mu=0.05, lambda=0.75 (max_t=9)",cr,TRUE,9,
5,done,2133,2000,2.4999999999997247e-4,0.0019999999999997797,3,CR-3,"CR: mu=0.05, lambda=0.75 (max_t=9)",cr,TRUE,9,
6,done,525,501,2.4999999999997247e-4,0.0019999999999997797,3,CR-3,"CR: mu=0.05, lambda=0.75 (max_t=9)",cr,TRUE,9,
7,done,1878,1757,2.4999999999997247e-4,0.0019999999999997797,3,CR-3,"CR: mu=0.05, lambda=0.75 (max_t=9)",cr,TRUE,9,
8,done,717,683,2.4999999999997247e-4,0.0019999999999997797,3,CR-3,"CR: mu=0.05, lambda=0.75 (max_t=9)",cr,TRUE,9,
1,done,1054,983,3.749999999999032e-4,0.0029999999999992255,4,CR-3,"CR: mu=0.05, lambda=0.75 (max_t=9)",cr,TRUE,9,
2,done,3214,2996,3.749999999999032e-4,0.0029999999999992255,4,CR-3,"CR: mu=0.05, lambda=0.75 (max_t=9)",cr,TRUE,9,
3,done,1762,1644,3.749999999999032e-4,0.0029999999999992255,4,CR-3,"CR: mu=0.05, lambda=0.75 (max_t=9)",cr,TRUE,9,
4,done,3070,2859,3.749999999999032e-4,0.0029999999999992255,4,CR-3,"CR: mu=0.05, lambda=0.75 (max_t=9)",cr,TRUE,9,
5,done,653,618,3.749999999999032e-4,0.0029999999999992255,4,CR-3,"CR: mu=0.05, lambda=0.75 (max_t=9)",cr,TRUE,9,
6,done,1057,977,3.749999999999032e-4,0.0029999999999992255,4,CR-3,"CR: mu=0.05, lambda=0.75 (max_t=9)",cr,TRUE,9,
7,done,2034,1891,3.749999999999032e-4,0.0029999999999992255,4,CR-3,"CR: mu=0.05, lambda=0.75 (max_t=9)",cr,TRUE,9,
8,done,5045,4719,3.749999999999032e-4,0.0029999999999992255,4,CR-3,"CR: mu=0.05, lambda=0.75 (max_t=9)",cr,TRUE,9,
1,done,592,553,0.0014999999999999458,0.011999999999999567,5,CR-3,"CR: mu=0.05, lambda=0.75 (max_t=9)",cr,TRUE,9,
2,done,512,483,0.0014999999999999458,0.011999999999999567,5,CR-3,"CR: mu=0.05, lambda=0.75 (max_t=9)",cr,TRUE,9,
3,done,443,402,0.0014999999999999458,0.011999999999999567,5,CR-3,"CR: mu=0.05, lambda=0.75 (max_t=9)",cr,TRUE,9,
4,done,2102,1963,0.0014999999999999458,0.011999999999999567,5,CR-3,"CR: mu=0.05, lambda=0.75 (max_t=9)",cr,TRUE,9,
5,done,959,894,0.0014999999999999458,0.011999999999999567,5,CR-3,"CR: mu=0.05, lambda=0.75 (max_t=9)",cr,TRUE,9,
6,done,1832,1705,0.0014999999999999458,0.011999999999999567,5,CR-3,"CR: mu=0.05, lambda=0.75 (max_t=9)",cr,TRUE,9,
7,done,1369,1296,0.0014999999999999458,0.011999999999999567,5,CR-3,"CR: mu=0.05, lambda=0.75 (max_t=9)",cr,TRUE,9,
8,done,939,875,0.0014999999999999458,0.011999999999999567,5,CR-3,"CR: mu=0.05, lambda=0.75 (max_t=9)",cr,TRUE,9,
1,done,2040,1914,2.4999999999997247e-4,0.0019999999999997797,6,CR-3,"CR: mu=0.05, lambda=0.75 (max_t=9)",cr,TRUE,9,
2,done,2134,1998,2.4999999999997247e-4,0.0019999999999997797,6,CR-3,"CR: mu=0.05, lambda=0.75 (max_t=9)",cr,TRUE,9,
3,done,2522,2335,2.4999999999997247e-4,0.0019999999999997797,6,CR-3,"CR: mu=0.05, lambda=0.75 (max_t=9)",cr,TRUE,9,
4,done,321,303,2.4999999999997247e-4,0.0019999999999997797,6,CR-3,"CR: mu=0.05, lambda=0.75 (max_t=9)",cr,TRUE,9,
5,done,1389,1287,2.4999999999997247e-4,0.0019999999999997797,6,CR-3,"CR: mu=0.05, lambda=0.75 (max_t=9)",cr,TRUE,9,
6,done,1351,1259,2.4999999999997247e-4,0.0019999999999997797,6,CR-3,"CR: mu=0.05, lambda=0.75 (max_t=9)",cr,TRUE,9,
7,done,1930,1810,2.4999999999997247e-4,0.0019999999999997797,6,CR-3,"CR: mu=0.05, lambda=0.75 (max_t=9)",cr,TRUE,9,
8,done,969,909,2.4999999999997247e-4,0.0019999999999997797,6,CR-3,"CR: mu=0.05, lambda=0.75 (max_t=9)",cr,TRUE,9,
1,done,1138,1077,2.4999999999997247e-4,0.0019999999999997797,7,CR-3,"CR: mu=0.05, lambda=0.75 (max_t=9)",cr,TRUE,9,
2,done,577,538,2.4999999999997247e-4,0.0019999999999997797,7,CR-3,"CR: mu=0.05, lambda=0.75 (max_t=9)",cr,TRUE,9,
3,done,618,587,2.4999999999997247e-4,0.0019999999999997797,7,CR-3,"CR: mu=0.05, lambda=0.75 (max_t=9)",cr,TRUE,9,
4,done,2278,2140,2.4999999999997247e-4,0.0019999999999997797,7,CR-3,"CR: mu=0.05, lambda=0.75 (max_t=9)",cr,TRUE,9,
5,done,487,450,2.4999999999997247e-4,0.0019999999999997797,7,CR-3,"CR: mu=0.05, lambda=0.75 (max_t=9)",cr,TRUE,9,
6,done,1072,990,2.4999999999997247e-4,0.0019999999999997797,7,CR-3,"CR: mu=0.05, lambda=0.75 (max_t=9)",cr,TRUE,9,
7,done,1774,1647,2.4999999999997247e-4,0.0019999999999997797,7,CR-3,"CR: mu=0.05, lambda=0.75 (max_t=9)",cr,TRUE,9,
8,done,4297,3997,2.4999999999997247e-4,0.0019999999999997797,7,CR-3,"CR: mu=0.05, lambda=0.75 (max_t=9)",cr,TRUE,9,
1,done,2069,1942,2.4999999999997247e-4,0.0019999999999997797,8,CR-3,"CR: mu=0.05, lambda=0.75 (max_t=9)",cr,TRUE,9,
2,done,994,923,2.4999999999997247e-4,0.0019999999999997797,8,CR-3,"CR: mu=0.05, lambda=0.75 (max_t=9)",cr,TRUE,9,
3,done,1260,1192,2.4999999999997247e-4,0.0019999999999997797,8,CR-3,"CR: mu=0.05, lambda=0.75 (max_t=9)",cr,TRUE,9,
4,done,1390,1300,2.4999999999997247e-4,0.0019999999999997797,8,CR-3,"CR: mu=0.05, lambda=0.75 (max_t=9)",cr,TRUE,9,
5,done,440,413,2.4999999999997247e-4,0.0019999999999997797,8,CR-3,"CR: mu=0.05, lambda=0.75 (max_t=9)",cr,TRUE,9,
6,done,1386,1293,2.4999999999997247e-4,0.0019999999999997797,8,CR-3,"CR: mu=0.05, lambda=0.75 (max_t=9)",cr,TRUE,9,
7,done,1009,939,2.4999999999997247e-4,0.0019999999999997797,8,CR-3,"CR: mu=0.05, lambda=0.75 (max_t=9)",cr,TRUE,9,
8,done,2240,2085,2.4999999999997247e-4,0.0019999999999997797,8,CR-3,"CR: mu=0.05, lambda=0.75 (max_t=9)",cr,TRUE,9,
1,done,553,515,1.2499999999993072e-4,9.999999999994458e-4,9,CR-3,"CR: mu=0.05, lambda=0.75 (max_t=9)",cr,TRUE,9,
2,done,347,324,1.2499999999993072e-4,9.999999999994458e-4,9,CR-3,"CR: mu=0.05, lambda=0.75 (max_t=9)",cr,TRUE,9,
3,done,570,535,1.2499999999993072e-4,9.999999999994458e-4,9,CR-3,"CR: mu=0.05, lambda=0.75 (max_t=9)",cr,TRUE,9,
4,done,2300,2136,1.2499999999993072e-4,9.999999999994458e-4,9,CR-3,"CR: mu=0.05, lambda=0.75 (max_t=9)",cr,TRUE,9,
5,done,842,769,1.2499999999993072e-4,9.999999999994458e-4,9,CR-3,"CR: mu=0.05, lambda=0.75 (max_t=9)",cr,TRUE,9,
6,done,252,234,1.2499999999993072e-4,9.999999999994458e-4,9,CR-3,"CR: mu=0.05, lambda=0.75 (max_t=9)",cr,TRUE,9,
7,done,440,420,1.2499999999993072e-4,9.999999999994458e-4,9,CR-3,"CR: mu=0.05, lambda=0.75 (max_t=9)",cr,TRUE,9,
8,done,480,460,1.2499999999993072e-4,9.999999999994458e-4,9,CR-3,"CR: mu=0.05, lambda=0.75 (max_t=9)",cr,TRUE,9,
1,done,923,866,1.2499999999993072e-4,9.999999999994458e-4,10,CR-3,"CR: mu=0.05, lambda=0.75 (max_t=9)",cr,TRUE,9,
2,done,30,28,1.2499999999993072e-4,9.999999999994458e-4,10,CR-3,"CR: mu=0.05, lambda=0.75 (max_t=9)",cr,TRUE,9,
3,done,590,553,1.2499999999993072e-4,9.999999999994458e-4,10,CR-3,"CR: mu=0.05, lambda=0.75 (max_t=9)",cr,TRUE,9,
4,done,1985,1858,1.2499999999993072e-4,9.999999999994458e-4,10,CR-3,"CR: mu=0.05, lambda=0.75 (max_t=9)",cr,TRUE,9,
5,done,683,634,1.2499999999993072e-4,9.999999999994458e-4,10,CR-3,"CR: mu=0.05, lambda=0.75 (max_t=9)",cr,TRUE,9,
6,done,859,791,1.2499999999993072e-4,9.999999999994458e-4,10,CR-3,"CR: mu=0.05, lambda=0.75 (max_t=9)",cr,TRUE,9,
7,done,1517,1405,1.2499999999993072e-4,9.999999999994458e-4,10,CR-3,"CR: mu=0.05, lambda=0.75 (max_t=9)",cr,TRUE,9,
8,done,809,752,1.2499999999993072e-4,9.999999999994458e-4,10,CR-3,"CR: mu=0.05, lambda=0.75 (max_t=9)",cr,TRUE,9,
1,done,910,851,1.2500000000004174e-4,0.001000000000000334,11,CR-3,"CR: mu=0.05, lambda=0.75 (max_t=9)",cr,TRUE,9,
2,done,152,134,1.2500000000004174e-4,0.001000000000000334,11,CR-3,"CR: mu=0.05, lambda=0.75 (max_t=9)",cr,TRUE,9,
3,done,1204,1108,1.2500000000004174e-4,0.001000000000000334,11,CR-3,"CR: mu=0.05, lambda=0.75 (max_t=9)",cr,TRUE,9,
4,done,218,197,1.2500000000004174e-4,0.001000000000000334,11,CR-3,"CR: mu=0.05, lambda=0.75 (max_t=9)",cr,TRUE,9,
5,done,2966,2775,1.2500000000004174e-4,0.001000000000000334,11,CR-3,"CR: mu=0.05, lambda=0.75 (max_t=9)",cr,TRUE,9,
6,done,222,205,1.2500000000004174e-4,0.001000000000000334,11,CR-3,"CR: mu=0.05, lambda=0.75 (max_t=9)",cr,TRUE,9,
7,done,749,711,1.2500000000004174e-4,0.001000000000000334,11,CR-3,"CR: mu=0.05, lambda=0.75 (max_t=9)",cr,TRUE,9,
8,done,1325,1242,1.2500000000004174e-4,0.001000000000000334,11,CR-3,"CR: mu=0.05, lambda=0.75 (max_t=9)",cr,TRUE,9,
1,done,2017,1889,2.4999999999997247e-4,0.0019999999999997797,12,CR-3,"CR: mu=0.05, lambda=0.75 (max_t=9)",cr,TRUE,9,
2,done,1164,1073,2.4999999999997247e-4,0.0019999999999997797,12,CR-3,"CR: mu=0.05, lambda=0.75 (max_t=9)",cr,TRUE,9,
3,done,823,762,2.4999999999997247e-4,0.0019999999999997797,12,CR-3,"CR: mu=0.05, lambda=0.75 (max_t=9)",cr,TRUE,9,
4,done,804,756,2.4999999999997247e-4,0.0019999999999997797,12,CR-3,"CR: mu=0.05, lambda=0.75 (max_t=9)",cr,TRUE,9,
5,done,2203,2052,2.4999999999997247e-4,0.0019999999999997797,12,CR-3,"CR: mu=0.05, lambda=0.75 (max_t=9)",cr,TRUE,9,
6,done,1793,1658,2.4999999999997247e-4,0.0019999999999997797,12,CR-3,"CR: mu=0.05, lambda=0.75 (max_t=9)",cr,TRUE,9,
7,done,2681,2512,2.4999999999997247e-4,0.0019999999999997797,12,CR-3,"CR: mu=0.05, lambda=0.75 (max_t=9)",cr,TRUE,9,
8,done,991,920,2.4999999999997247e-4,0.0019999999999997797,12,CR-3,"CR: mu=0.05, lambda=0.75 (max_t=9)",cr,TRUE,9,
1,done,6,4,0.004999999999999893,0.004999999999999893,1,PD-1,"PD: mu=0.10, lambda0=0.40, betaN=-0.02, betaP=0 (max_t=3)",pd,FALSE,3,
1,done,8,5,0.004999999999999893,0.004999999999999893,2,PD-1,"PD: mu=0.10, lambda0=0.40, betaN=-0.02, betaP=0 (max_t=3)",pd,FALSE,3,
1,done,6,4,0.0039999999999995595,0.0039999999999995595,3,PD-1,"PD: mu=0.10, lambda0=0.40, betaN=-0.02, betaP=0 (max_t=3)",pd,FALSE,3,
1,done,2,2,0.001000000000000334,0.001000000000000334,4,PD-1,"PD: mu=0.10, lambda0=0.40, betaN=-0.02, betaP=0 (max_t=3)",pd,FALSE,3,
1,done,2,2,0.0019999999999997797,0.0019999999999997797,5,PD-1,"PD: mu=0.10, lambda0=0.40, betaN=-0.02, betaP=0 (max_t=3)",pd,FALSE,3,
1,done,20,11,0.015000000000000568,0.015000000000000568,6,PD-1,"PD: mu=0.10, lambda0=0.40, betaN=-0.02, betaP=0 (max_t=3)",pd,FALSE,3,
1,done,8,5,0.0039999999999995595,0.0039999999999995595,7,PD-1,"PD: mu=0.10, lambda0=0.40, betaN=-0.02, betaP=0 (max_t=3)",pd,FALSE,3,
1,done,10,6,0.005999999999999339,0.005999999999999339,8,PD-1,"PD: mu=0.10, lambda0=0.40, betaN=-0.02, betaP=0 (max_t=3)",pd,FALSE,3,
1,done,16,9,0.012000000000000455,0.012000000000000455,9,PD-1,"PD: mu=0.10, lambda0=0.40, betaN=-0.02, betaP=0 (max_t=3)",pd,FALSE,3,
1,done,16,9,0.01100000000000012,0.01100000000000012,10,PD-1,"PD: mu=0.10, lambda0=0.40, betaN=-0.02, betaP=0 (max_t=3)",pd,FALSE,3,
1,done,8,5,0.004000000000000448,0.004000000000000448,11,PD-1,"PD: mu=0.10, lambda0=0.40, betaN=-0.02, betaP=0 (max_t=3)",pd,FALSE,3,
1,done,2,2,9.999999999994458e-4,9.999999999994458e-4,12,PD-1,"PD: mu=0.10, lambda0=0.40, betaN=-0.02, betaP=0 (max_t=3)",pd,FALSE,3,
1,done,7,6,0,0,1,PD-1,"PD: mu=0.10, lambda0=0.40, betaN=-0.02, betaP=0 (max_t=3)",pd,TRUE,3,
2,done,6,5,0,0,1,PD-1,"PD: mu=0.10, lambda0=0.40, betaN=-0.02, betaP=0 (max_t=3)",pd,TRUE,3,
3,done,3,3,0,0,1,PD-1,"PD: mu=0.10, lambda0=0.40, betaN=-0.02, betaP=0 (max_t=3)",pd,TRUE,3,
4,done,4,4,0,0,1,PD-1,"PD: mu=0.10, lambda0=0.40, betaN=-0.02, betaP=0 (max_t=3)",pd,TRUE,3,
5,done,2,2,0,0,1,PD-1,"PD: mu=0.10, lambda0=0.40, betaN=-0.02, betaP=0 (max_t=3)",pd,TRUE,3,
6,done,7,6,0,0,1,PD-1,"PD: mu=0.10, lambda0=0.40, betaN=-0.02, betaP=0 (max_t=3)",pd,TRUE,3,
7,done,4,4,0,0,1,PD-1,"PD: mu=0.10, lambda0=0.40, betaN=-0.02, betaP=0 (max_t=3)",pd,TRUE,3,
8,done,4,4,0,0,1,PD-1,"PD: mu=0.10, lambda0=0.40, betaN=-0.02, betaP=0 (max_t=3)",pd,TRUE,3,
1,done,5,4,0,0,2,PD-1,"PD: mu=0.10, lambda0=0.40, betaN=-0.02, betaP=0 (max_t=3)",pd,TRUE,3,
2,done,4,4,0,0,2,PD-1,"PD: mu=0.10, lambda0=0.40, betaN=-0.02, betaP=0 (max_t=3)",pd,TRUE,3,
3,done,3,3,0,0,2,PD-1,"PD: mu=0.10, lambda0=0.40, betaN=-0.02, betaP=0 (max_t=3)",pd,TRUE,3,
4,done,4,4,0,0,2,PD-1,"PD: mu=0.10, lambda0=0.40, betaN=-0.02, betaP=0 (max_t=3)",pd,TRUE,3,
5,done,2,2,0,0,2,PD-1,"PD: mu=0.10, lambda0=0.40, betaN=-0.02, betaP=0 (max_t=3)",pd,TRUE,3,
6,done,5,5,0,0,2,PD-1,"PD: mu=0.10, lambda0=0.40, betaN=-0.02, betaP=0 (max_t=3)",pd,TRUE,3,
7,done,5,4,0,0,2,PD-1,"PD: mu=0.10, lambda0=0.40, betaN=-0.02, betaP=0 (max_t=3)",pd,TRUE,3,
8,done,4,4,0,0,2,PD-1,"PD: mu=0.10, lambda0=0.40, betaN=-0.02, betaP=0 (max_t=3)",pd,TRUE,3,
1,done,3,3,8.750000000000702e-4,0.007000000000000561,3,PD-1,"PD: mu=0.10, lambda0=0.40, betaN=-0.02, betaP=0 (max_t=3)",pd,TRUE,3,
2,done,4,4,8.750000000000702e-4,0.007000000000000561,3,PD-1,"PD: mu=0.10, lambda0=0.40, betaN=-0.02, betaP=0 (max_t=3)",pd,TRUE,3,
3,done,2,2,8.750000000000702e-4,0.007000000000000561,3,PD-1,"PD: mu=0.10, lambda0=0.40, betaN=-0.02, betaP=0 (max_t=3)",pd,TRUE,3,
4,done,3,3,8.750000000000702e-4,0.007000000000000561,3,PD-1,"PD: mu=0.10, lambda0=0.40, betaN=-0.02, betaP=0 (max_t=3)",pd,TRUE,3,
5,done,6,6,8.750000000000702e-4,0.007000000000000561,3,PD-1,"PD: mu=0.10, lambda0=0.40, betaN=-0.02, betaP=0 (max_t=3)",pd,TRUE,3,
6,done,9,8,8.750000000000702e-4,0.007000000000000561,3,PD-1,"PD: mu=0.10, lambda0=0.40, betaN=-0.02, betaP=0 (max_t=3)",pd,TRUE,3,
7,done,4,4,8.750000000000702e-4,0.007000000000000561,3,PD-1,"PD: mu=0.10, lambda0=0.40, betaN=-0.02, betaP=0 (max_t=3)",pd,TRUE,3,
8,done,3,3,8.750000000000702e-4,0.007000000000000561,3,PD-1,"PD: mu=0.10, lambda0=0.40, betaN=-0.02, betaP=0 (max_t=3)",pd,TRUE,3,
1,done,4,3,1.2499999999993072e-4,9.999999999994458e-4,4,PD-1,"PD: mu=0.10, lambda0=0.40, betaN=-0.02, betaP=0 (max_t=3)",pd,TRUE,3,
2,done,5,5,1.2499999999993072e-4,9.999999999994458e-4,4,PD-1,"PD: mu=0.10, lambda0=0.40, betaN=-0.02, betaP=0 (max_t=3)",pd,TRUE,3,
3,done,7,6,1.2499999999993072e-4,9.999999999994458e-4,4,PD-1,"PD: mu=0.10, lambda0=0.40, betaN=-0.02, betaP=0 (max_t=3)",pd,TRUE,3,
4,done,4,4,1.2499999999993072e-4,9.999999999994458e-4,4,PD-1,"PD: mu=0.10, lambda0=0.40, betaN=-0.02, betaP=0 (max_t=3)",pd,TRUE,3,
5,done,7,6,1.2499999999993072e-4,9.999999999994458e-4,4,PD-1,"PD: mu=0.10, lambda0=0.40, betaN=-0.02, betaP=0 (max_t=3)",pd,TRUE,3,
6,done,3,3,1.2499999999993072e-4,9.999999999994458e-4,4,PD-1,"PD: mu=0.10, lambda0=0.40, betaN=-0.02, betaP=0 (max_t=3)",pd,TRUE,3,
7,done,4,4,1.2499999999993072e-4,9.999999999994458e-4,4,PD-1,"PD: mu=0.10, lambda0=0.40, betaN=-0.02, betaP=0 (max_t=3)",pd,TRUE,3,
8,done,3,3,1.2499999999993072e-4,9.999999999994458e-4,4,PD-1,"PD: mu=0.10, lambda0=0.40, betaN=-0.02, betaP=0 (max_t=3)",pd,TRUE,3,
1,done,4,3,0,0,5,PD-1,"PD: mu=0.10, lambda0=0.40, betaN=-0.02, betaP=0 (max_t=3)",pd,TRUE,3,
2,done,10,9,0,0,5,PD-1,"PD: mu=0.10, lambda0=0.40, betaN=-0.02, betaP=0 (max_t=3)",pd,TRUE,3,
3,done,10,10,0,0,5,PD-1,"PD: mu=0.10, lambda0=0.40, betaN=-0.02, betaP=0 (max_t=3)",pd,TRUE,3,
4,done,3,3,0,0,5,PD-1,"PD: mu=0.10, lambda0=0.40, betaN=-0.02, betaP=0 (max_t=3)",pd,TRUE,3,
5,done,2,2,0,0,5,PD-1,"PD: mu=0.10, lambda0=0.40, betaN=-0.02, betaP=0 (max_t=3)",pd,TRUE,3,
6,done,4,3,0,0,5,PD-1,"PD: mu=0.10, lambda0=0.40, betaN=-0.02, betaP=0 (max_t=3)",pd,TRUE,3,
7,done,5,5,0,0,5,PD-1,"PD: mu=0.10, lambda0=0.40, betaN=-0.02, betaP=0 (max_t=3)",pd,TRUE,3,
8,done,4,3,0,0,5,PD-1,"PD: mu=0.10, lambda0=0.40, betaN=-0.02, betaP=0 (max_t=3)",pd,TRUE,3,
1,done,4,4,1.2499999999993072e-4,9.999999999994458e-4,6,PD-1,"PD: mu=0.10, lambda0=0.40, betaN=-0.02, betaP=0 (max_t=3)",pd,TRUE,3,
2,done,2,2,1.2499999999993072e-4,9.999999999994458e-4,6,PD-1,"PD: mu=0.10, lambda0=0.40, betaN=-0.02, betaP=0 (max_t=3)",pd,TRUE,3,
3,done,8,6,1.2499999999993072e-4,9.999999999994458e-4,6,PD-1,"PD: mu=0.10, lambda0=0.40, betaN=-0.02, betaP=0 (max_t=3)",pd,TRUE,3,
4,done,9,9,1.2499999999993072e-4,9.999999999994458e-4,6,PD-1,"PD: mu=0.10, lambda0=0.40, betaN=-0.02, betaP=0 (max_t=3)",pd,TRUE,3,
5,done,6,6,1.2499999999993072e-4,9.999999999994458e-4,6,PD-1,"PD: mu=0.10, lambda0=0.40, betaN=-0.02, betaP=0 (max_t=3)",pd,TRUE,3,
6,done,9,9,1.2499999999993072e-4,9.999999999994458e-4,6,PD-1,"PD: mu=0.10, lambda0=0.40, betaN=-0.02, betaP=0 (max_t=3)",pd,TRUE,3,
7,done,5,5,1.2499999999993072e-4,9.999999999994458e-4,6,PD-1,"PD: mu=0.10, lambda0=0.40, betaN=-0.02, betaP=0 (max_t=3)",pd,TRUE,3,
8,done,4,2,1.2499999999993072e-4,9.999999999994458e-4,6,PD-1,"PD: mu=0.10, lambda0=0.40, betaN=-0.02, betaP=0 (max_t=3)",pd,TRUE,3,
1,done,5,4,0,0,7,PD-1,"PD: mu=0.10, lambda0=0.40, betaN=-0.02, betaP=0 (max_t=3)",pd,TRUE,3,
2,done,5,3,0,0,7,PD-1,"PD: mu=0.10, lambda0=0.40, betaN=-0.02, betaP=0 (max_t=3)",pd,TRUE,3,
3,done,3,3,0,0,7,PD-1,"PD: mu=0.10, lambda0=0.40, betaN=-0.02, betaP=0 (max_t=3)",pd,TRUE,3,
4,done,4,3,0,0,7,PD-1,"PD: mu=0.10, lambda0=0.40, betaN=-0.02, betaP=0 (max_t=3)",pd,TRUE,3,
5,done,7,6,0,0,7,PD-1,"PD: mu=0.10, lambda0=0.40, betaN=-0.02, betaP=0 (max_t=3)",pd,TRUE,3,
6,done,3,2,0,0,7,PD-1,"PD: mu=0.10, lambda0=0.40, betaN=-0.02, betaP=0 (max_t=3)",pd,TRUE,3,
7,done,6,6,0,0,7,PD-1,"PD: mu=0.10, lambda0=0.40, betaN=-0.02, betaP=0 (max_t=3)",pd,TRUE,3,
8,done,7,5,0,0,7,PD-1,"PD: mu=0.10, lambda0=0.40, betaN=-0.02, betaP=0 (max_t=3)",pd,TRUE,3,
1,done,2,2,1.2499999999993072e-4,9.999999999994458e-4,8,PD-1,"PD: mu=0.10, lambda0=0.40, betaN=-0.02, betaP=0 (max_t=3)",pd,TRUE,3,
2,done,5,4,1.2499999999993072e-4,9.999999999994458e-4,8,PD-1,"PD: mu=0.10, lambda0=0.40, betaN=-0.02, betaP=0 (max_t=3)",pd,TRUE,3,
3,done,2,2,1.2499999999993072e-4,9.999999999994458e-4,8,PD-1,"PD: mu=0.10, lambda0=0.40, betaN=-0.02, betaP=0 (max_t=3)",pd,TRUE,3,
4,done,5,4,1.2499999999993072e-4,9.999999999994458e-4,8,PD-1,"PD: mu=0.10, lambda0=0.40, betaN=-0.02, betaP=0 (max_t=3)",pd,TRUE,3,
5,done,4,4,1.2499999999993072e-4,9.999999999994458e-4,8,PD-1,"PD: mu=0.10, lambda0=0.40, betaN=-0.02, betaP=0 (max_t=3)",pd,TRUE,3,
6,done,6,6,1.2499999999993072e-4,9.999999999994458e-4,8,PD-1,"PD: mu=0.10, lambda0=0.40, betaN=-0.02, betaP=0 (max_t=3)",pd,TRUE,3,
7,done,4,4,1.2499999999993072e-4,9.999999999994458e-4,8,PD-1,"PD: mu=0.10, lambda0=0.40, betaN=-0.02, betaP=0 (max_t=3)",pd,TRUE,3,
8,done,4,3,1.2499999999993072e-4,9.999999999994458e-4,8,PD-1,"PD: mu=0.10, lambda0=0.40, betaN=-0.02, betaP=0 (max_t=3)",pd,TRUE,3,
1,done,2,2,1.2499999999993072e-4,9.999999999994458e-4,9,PD-1,"PD: mu=0.10, lambda0=0.40, betaN=-0.02, betaP=0 (max_t=3)",pd,TRUE,3,
2,done,5,5,1.2499999999993072e-4,9.999999999994458e-4,9,PD-1,"PD: mu=0.10, lambda0=0.40, betaN=-0.02, betaP=0 (max_t=3)",pd,TRUE,3,
3,done,3,3,1.2499999999993072e-4,9.999999999994458e-4,9,PD-1,"PD: mu=0.10, lambda0=0.40, betaN=-0.02, betaP=0 (max_t=3)",pd,TRUE,3,
4,done,3,2,1.2499999999993072e-4,9.999999999994458e-4,9,PD-1,"PD: mu=0.10, lambda0=0.40, betaN=-0.02, betaP=0 (max_t=3)",pd,TRUE,3,
5,done,3,3,1.2499999999993072e-4,9.999999999994458e-4,9,PD-1,"PD: mu=0.10, lambda0=0.40, betaN=-0.02, betaP=0 (max_t=3)",pd,TRUE,3,
6,done,6,5,1.2499999999993072e-4,9.999999999994458e-4,9,PD-1,"PD: mu=0.10, lambda0=0.40, betaN=-0.02, betaP=0 (max_t=3)",pd,TRUE,3,
7,done,9,8,1.2499999999993072e-4,9.999999999994458e-4,9,PD-1,"PD: mu=0.10, lambda0=0.40, betaN=-0.02, betaP=0 (max_t=3)",pd,TRUE,3,
8,done,5,5,1.2499999999993072e-4,9.999999999994458e-4,9,PD-1,"PD: mu=0.10, lambda0=0.40, betaN=-0.02, betaP=0 (max_t=3)",pd,TRUE,3,
1,done,6,6,1.2499999999993072e-4,9.999999999994458e-4,10,PD-1,"PD: mu=0.10, lambda0=0.40, betaN=-0.02, betaP=0 (max_t=3)",pd,TRUE,3,
2,done,10,8,1.2499999999993072e-4,9.999999999994458e-4,10,PD-1,"PD: mu=0.10, lambda0=0.40, betaN=-0.02, betaP=0 (max_t=3)",pd,TRUE,3,
3,done,7,6,1.2499999999993072e-4,9.999999999994458e-4,10,PD-1,"PD: mu=0.10, lambda0=0.40, betaN=-0.02, betaP=0 (max_t=3)",pd,TRUE,3,
4,done,6,6,1.2499999999993072e-4,9.999999999994458e-4,10,PD-1,"PD: mu=0.10, lambda0=0.40, betaN=-0.02, betaP=0 (max_t=3)",pd,TRUE,3,
5,done,7,5,1.2499999999993072e-4,9.999999999994458e-4,10,PD-1,"PD: mu=0.10, lambda0=0.40, betaN=-0.02, betaP=0 (max_t=3)",pd,TRUE,3,
6,done,16,12,1.2499999999993072e-4,9.999999999994458e-4,10,PD-1,"PD: mu=0.10, lambda0=0.40, betaN=-0.02, betaP=0 (max_t=3)",pd,TRUE,3,
7,done,7,4,1.2499999999993072e-4,9.999999999994458e-4,10,PD-1,"PD: mu=0.10, lambda0=0.40, betaN=-0.02, betaP=0 (max_t=3)",pd,TRUE,3,
8,done,6,4,1.2499999999993072e-4,9.999999999994458e-4,10,PD-1,"PD: mu=0.10, lambda0=0.40, betaN=-0.02, betaP=0 (max_t=3)",pd,TRUE,3,
1,done,3,2,0,0,11,PD-1,"PD: mu=0.10, lambda0=0.40, betaN=-0.02, betaP=0 (max_t=3)",pd,TRUE,3,
2,done,7,7,0,0,11,PD-1,"PD: mu=0.10, lambda0=0.40, betaN=-0.02, betaP=0 (max_t=3)",pd,TRUE,3,
3,done,14,13,0,0,11,PD-1,"PD: mu=0.10, lambda0=0.40, betaN=-0.02, betaP=0 (max_t=3)",pd,TRUE,3,
4,done,2,2,0,0,11,PD-1,"PD: mu=0.10, lambda0=0.40, betaN=-0.02, betaP=0 (max_t=3)",pd,TRUE,3,
5,done,3,3,0,0,11,PD-1,"PD: mu=0.10, lambda0=0.40, betaN=-0.02, betaP=0 (max_t=3)",pd,TRUE,3,
6,done,4,3,0,0,11,PD-1,"PD: mu=0.10, lambda0=0.40, betaN=-0.02, betaP=0 (max_t=3)",pd,TRUE,3,
7,done,3,2,0,0,11,PD-1,"PD: mu=0.10, lambda0=0.40, betaN=-0.02, betaP=0 (max_t=3)",pd,TRUE,3,
8,done,2,2,0,0,11,PD-1,"PD: mu=0.10, lambda0=0.40, betaN=-0.02, betaP=0 (max_t=3)",pd,TRUE,3,
1,done,2,2,0,0,12,PD-1,"PD: mu=0.10, lambda0=0.40, betaN=-0.02, betaP=0 (max_t=3)",pd,TRUE,3,
2,done,4,4,0,0,12,PD-1,"PD: mu=0.10, lambda0=0.40, betaN=-0.02, betaP=0 (max_t=3)",pd,TRUE,3,
3,done,4,4,0,0,12,PD-1,"PD: mu=0.10, lambda0=0.40, betaN=-0.02, betaP=0 (max_t=3)",pd,TRUE,3,
4,done,8,8,0,0,12,PD-1,"PD: mu=0.10, lambda0=0.40, betaN=-0.02, betaP=0 (max_t=3)",pd,TRUE,3,
5,done,6,6,0,0,12,PD-1,"PD: mu=0.10, lambda0=0.40, betaN=-0.02, betaP=0 (max_t=3)",pd,TRUE,3,
6,done,7,5,0,0,12,PD-1,"PD: mu=0.10, lambda0=0.40, betaN=-0.02, betaP=0 (max_t=3)",pd,TRUE,3,
7,done,9,7,0,0,12,PD-1,"PD: mu=0.10, lambda0=0.40, betaN=-0.02, betaP=0 (max_t=3)",pd,TRUE,3,
8,done,7,7,0,0,12,PD-1,"PD: mu=0.10, lambda0=0.40, betaN=-0.02, betaP=0 (max_t=3)",pd,TRUE,3,
1,done,40,21,0.04300000000000104,0.04300000000000104,1,PD-2,"PD: mu=0.08, lambda0=0.50, betaN=-0.03, betaP=0.02 (max_t=6)",pd,FALSE,6,
1,done,18,10,0.014999999999998792,0.014999999999998792,2,PD-2,"PD: mu=0.08, lambda0=0.50, betaN=-0.03, betaP=0.02 (max_t=6)",pd,FALSE,6,
1,done,26,14,0.019000000000000128,0.019000000000000128,3,PD-2,"PD: mu=0.08, lambda0=0.50, betaN=-0.03, betaP=0.02 (max_t=6)",pd,FALSE,6,
1,done,30,16,0.03399999999999892,0.03399999999999892,4,PD-2,"PD: mu=0.08, lambda0=0.50, betaN=-0.03, betaP=0.02 (max_t=6)",pd,FALSE,6,
1,done,24,13,0.02200000000000024,0.02200000000000024,5,PD-2,"PD: mu=0.08, lambda0=0.50, betaN=-0.03, betaP=0.02 (max_t=6)",pd,FALSE,6,
1,done,26,14,0.04399999999999871,0.04399999999999871,6,PD-2,"PD: mu=0.08, lambda0=0.50, betaN=-0.03, betaP=0.02 (max_t=6)",pd,FALSE,6,
1,done,8,5,0.0129999999999999,0.0129999999999999,7,PD-2,"PD: mu=0.08, lambda0=0.50, betaN=-0.03, betaP=0.02 (max_t=6)",pd,FALSE,6,
1,done,18,10,0.016000000000000014,0.016000000000000014,8,PD-2,"PD: mu=0.08, lambda0=0.50, betaN=-0.03, betaP=0.02 (max_t=6)",pd,FALSE,6,
1,done,18,10,0.015000000000000568,0.015000000000000568,9,PD-2,"PD: mu=0.08, lambda0=0.50, betaN=-0.03, betaP=0.02 (max_t=6)",pd,FALSE,6,
1,done,32,17,0.040000000000000924,0.040000000000000924,10,PD-2,"PD: mu=0.08, lambda0=0.50, betaN=-0.03, betaP=0.02 (max_t=6)",pd,FALSE,6,
1,done,20,11,0.02200000000000024,0.02200000000000024,11,PD-2,"PD: mu=0.08, lambda0=0.50, betaN=-0.03, betaP=0.02 (max_t=6)",pd,FALSE,6,
1,done,16,9,0.0129999999999999,0.0129999999999999,12,PD-2,"PD: mu=0.08, lambda0=0.50, betaN=-0.03, betaP=0.02 (max_t=6)",pd,FALSE,6,
1,done,15,12,0,0,1,PD-2,"PD: mu=0.08, lambda0=0.50, betaN=-0.03, betaP=0.02 (max_t=6)",pd,TRUE,6,
2,done,8,5,0,0,1,PD-2,"PD: mu=0.08, lambda0=0.50, betaN=-0.03, betaP=0.02 (max_t=6)",pd,TRUE,6,
3,done,6,6,0,0,1,PD-2,"PD: mu=0.08, lambda0=0.50, betaN=-0.03, betaP=0.02 (max_t=6)",pd,TRUE,6,
4,done,10,7,0,0,1,PD-2,"PD: mu=0.08, lambda0=0.50, betaN=-0.03, betaP=0.02 (max_t=6)",pd,TRUE,6,
5,done,13,13,0,0,1,PD-2,"PD: mu=0.08, lambda0=0.50, betaN=-0.03, betaP=0.02 (max_t=6)",pd,TRUE,6,
6,done,19,14,0,0,1,PD-2,"PD: mu=0.08, lambda0=0.50, betaN=-0.03, betaP=0.02 (max_t=6)",pd,TRUE,6,
7,done,15,12,0,0,1,PD-2,"PD: mu=0.08, lambda0=0.50, betaN=-0.03, betaP=0.02 (max_t=6)",pd,TRUE,6,
8,done,8,8,0,0,1,PD-2,"PD: mu=0.08, lambda0=0.50, betaN=-0.03, betaP=0.02 (max_t=6)",pd,TRUE,6,
1,done,15,10,0,0,2,PD-2,"PD: mu=0.08, lambda0=0.50, betaN=-0.03, betaP=0.02 (max_t=6)",pd,TRUE,6,
2,done,16,14,0,0,2,PD-2,"PD: mu=0.08, lambda0=0.50, betaN=-0.03, betaP=0.02 (max_t=6)",pd,TRUE,6,
3,done,14,10,0,0,2,PD-2,"PD: mu=0.08, lambda0=0.50, betaN=-0.03, betaP=0.02 (max_t=6)",pd,TRUE,6,
4,done,18,15,0,0,2,PD-2,"PD: mu=0.08, lambda0=0.50, betaN=-0.03, betaP=0.02 (max_t=6)",pd,TRUE,6,
5,done,16,12,0,0,2,PD-2,"PD: mu=0.08, lambda0=0.50, betaN=-0.03, betaP=0.02 (max_t=6)",pd,TRUE,6,
6,done,13,11,0,0,2,PD-2,"PD: mu=0.08, lambda0=0.50, betaN=-0.03, betaP=0.02 (max_t=6)",pd,TRUE,6,
7,done,7,6,0,0,2,PD-2,"PD: mu=0.08, lambda0=0.50, betaN=-0.03, betaP=0.02 (max_t=6)",pd,TRUE,6,
8,done,18,14,0,0,2,PD-2,"PD: mu=0.08, lambda0=0.50, betaN=-0.03, betaP=0.02 (max_t=6)",pd,TRUE,6,
1,done,18,15,0,0,3,PD-2,"PD: mu=0.08, lambda0=0.50, betaN=-0.03, betaP=0.02 (max_t=6)",pd,TRUE,6,
2,done,8,8,0,0,3,PD-2,"PD: mu=0.08, lambda0=0.50, betaN=-0.03, betaP=0.02 (max_t=6)",pd,TRUE,6,
3,done,10,10,0,0,3,PD-2,"PD: mu=0.08, lambda0=0.50, betaN=-0.03, betaP=0.02 (max_t=6)",pd,TRUE,6,
4,done,13,11,0,0,3,PD-2,"PD: mu=0.08, lambda0=0.50, betaN=-0.03, betaP=0.02 (max_t=6)",pd,TRUE,6,
5,done,15,13,0,0,3,PD-2,"PD: mu=0.08, lambda0=0.50, betaN=-0.03, betaP=0.02 (max_t=6)",pd,TRUE,6,
6,done,13,11,0,0,3,PD-2,"PD: mu=0.08, lambda0=0.50, betaN=-0.03, betaP=0.02 (max_t=6)",pd,TRUE,6,
7,done,14,12,0,0,3,PD-2,"PD: mu=0.08, lambda0=0.50, betaN=-0.03, betaP=0.02 (max_t=6)",pd,TRUE,6,
8,done,16,15,0,0,3,PD-2,"PD: mu=0.08, lambda0=0.50, betaN=-0.03, betaP=0.02 (max_t=6)",pd,TRUE,6,
1,done,17,15,0,0,4,PD-2,"PD: mu=0.08, lambda0=0.50, betaN=-0.03, betaP=0.02 (max_t=6)",pd,TRUE,6,
2,done,12,11,0,0,4,PD-2,"PD: mu=0.08, lambda0=0.50, betaN=-0.03, betaP=0.02 (max_t=6)",pd,TRUE,6,
3,done,13,11,0,0,4,PD-2,"PD: mu=0.08, lambda0=0.50, betaN=-0.03, betaP=0.02 (max_t=6)",pd,TRUE,6,
4,done,15,9,0,0,4,PD-2,"PD: mu=0.08, lambda0=0.50, betaN=-0.03, betaP=0.02 (max_t=6)",pd,TRUE,6,
5,done,14,14,0,0,4,PD-2,"PD: mu=0.08, lambda0=0.50, betaN=-0.03, betaP=0.02 (max_t=6)",pd,TRUE,6,
6,done,18,14,0,0,4,PD-2,"PD: mu=0.08, lambda0=0.50, betaN=-0.03, betaP=0.02 (max_t=6)",pd,TRUE,6,
7,done,10,9,0,0,4,PD-2,"PD: mu=0.08, lambda0=0.50, betaN=-0.03, betaP=0.02 (max_t=6)",pd,TRUE,6,
8,done,7,6,0,0,4,PD-2,"PD: mu=0.08, lambda0=0.50, betaN=-0.03, betaP=0.02 (max_t=6)",pd,TRUE,6,
1,done,17,11,0,0,5,PD-2,"PD: mu=0.08, lambda0=0.50, betaN=-0.03, betaP=0.02 (max_t=6)",pd,TRUE,6,
2,done,6,6,0,0,5,PD-2,"PD: mu=0.08, lambda0=0.50, betaN=-0.03, betaP=0.02 (max_t=6)",pd,TRUE,6,
3,done,8,7,0,0,5,PD-2,"PD: mu=0.08, lambda0=0.50, betaN=-0.03, betaP=0.02 (max_t=6)",pd,TRUE,6,
4,done,10,9,0,0,5,PD-2,"PD: mu=0.08, lambda0=0.50, betaN=-0.03, betaP=0.02 (max_t=6)",pd,TRUE,6,
5,done,12,9,0,0,5,PD-2,"PD: mu=0.08, lambda0=0.50, betaN=-0.03, betaP=0.02 (max_t=6)",pd,TRUE,6,
6,done,5,4,0,0,5,PD-2,"PD: mu=0.08, lambda0=0.50, betaN=-0.03, betaP=0.02 (max_t=6)",pd,TRUE,6,
7,done,11,11,0,0,5,PD-2,"PD: mu=0.08, lambda0=0.50, betaN=-0.03, betaP=0.02 (max_t=6)",pd,TRUE,6,
8,done,11,8,0,0,5,PD-2,"PD: mu=0.08, lambda0=0.50, betaN=-0.03, betaP=0.02 (max_t=6)",pd,TRUE,6,
1,done,6,3,0,0,6,PD-2,"PD: mu=0.08, lambda0=0.50, betaN=-0.03, betaP=0.02 (max_t=6)",pd,TRUE,6,
2,done,9,9,0,0,6,PD-2,"PD: mu=0.08, lambda0=0.50, betaN=-0.03, betaP=0.02 (max_t=6)",pd,TRUE,6,
3,done,9,8,0,0,6,PD-2,"PD: mu=0.08, lambda0=0.50, betaN=-0.03, betaP=0.02 (max_t=6)",pd,TRUE,6,
4,done,15,11,0,0,6,PD-2,"PD: mu=0.08, lambda0=0.50, betaN=-0.03, betaP=0.02 (max_t=6)",pd,TRUE,6,
5,done,19,16,0,0,6,PD-2,"PD: mu=0.08, lambda0=0.50, betaN=-0.03, betaP=0.02 (max_t=6)",pd,TRUE,6,
6,done,12,11,0,0,6,PD-2,"PD: mu=0.08, lambda0=0.50, betaN=-0.03, betaP=0.02 (max_t=6)",pd,TRUE,6,
7,done,11,10,0,0,6,PD-2,"PD: mu=0.08, lambda0=0.50, betaN=-0.03, betaP=0.02 (max_t=6)",pd,TRUE,6,
8,done,16,10,0,0,6,PD-2,"PD: mu=0.08, lambda0=0.50, betaN=-0.03, betaP=0.02 (max_t=6)",pd,TRUE,6,
1,done,16,15,1.2500000000015277e-4,0.0010000000000012221,7,PD-2,"PD: mu=0.08, lambda0=0.50, betaN=-0.03, betaP=0.02 (max_t=6)",pd,TRUE,6,
2,done,17,15,1.2500000000015277e-4,0.0010000000000012221,7,PD-2,"PD: mu=0.08, lambda0=0.50, betaN=-0.03, betaP=0.02 (max_t=6)",pd,TRUE,6,
3,done,21,16,1.2500000000015277e-4,0.0010000000000012221,7,PD-2,"PD: mu=0.08, lambda0=0.50, betaN=-0.03, betaP=0.02 (max_t=6)",pd,TRUE,6,
4,done,14,12,1.2500000000015277e-4,0.0010000000000012221,7,PD-2,"PD: mu=0.08, lambda0=0.50, betaN=-0.03, betaP=0.02 (max_t=6)",pd,TRUE,6,
5,done,19,13,1.2500000000015277e-4,0.0010000000000012221,7,PD-2,"PD: mu=0.08, lambda0=0.50, betaN=-0.03, betaP=0.02 (max_t=6)",pd,TRUE,6,
6,done,13,12,1.2500000000015277e-4,0.0010000000000012221,7,PD-2,"PD: mu=0.08, lambda0=0.50, betaN=-0.03, betaP=0.02 (max_t=6)",pd,TRUE,6,
7,done,6,6,1.2500000000015277e-4,0.0010000000000012221,7,PD-2,"PD: mu=0.08, lambda0=0.50, betaN=-0.03, betaP=0.02 (max_t=6)",pd,TRUE,6,
8,done,11,11,1.2500000000015277e-4,0.0010000000000012221,7,PD-2,"PD: mu=0.08, lambda0=0.50, betaN=-0.03, betaP=0.02 (max_t=6)",pd,TRUE,6,
1,done,18,16,0,0,8,PD-2,"PD: mu=0.08, lambda0=0.50, betaN=-0.03, betaP=0.02 (max_t=6)",pd,TRUE,6,
2,done,14,12,0,0,8,PD-2,"PD: mu=0.08, lambda0=0.50, betaN=-0.03, betaP=0.02 (max_t=6)",pd,TRUE,6,
3,done,17,15,0,0,8,PD-2,"PD: mu=0.08, lambda0=0.50, betaN=-0.03, betaP=0.02 (max_t=6)",pd,TRUE,6,
4,done,14,10,0,0,8,PD-2,"PD: mu=0.08, lambda0=0.50, betaN=-0.03, betaP=0.02 (max_t=6)",pd,TRUE,6,
5,done,16,13,0,0,8,PD-2,"PD: mu=0.08, lambda0=0.50, betaN=-0.03, betaP=0.02 (max_t=6)",pd,TRUE,6,
6,done,15,11,0,0,8,PD-2,"PD: mu=0.08, lambda0=0.50, betaN=-0.03, betaP=0.02 (max_t=6)",pd,TRUE,6,
7,done,13,12,0,0,8,PD-2,"PD: mu=0.08, lambda0=0.50, betaN=-0.03, betaP=0.02 (max_t=6)",pd,TRUE,6,
8,done,17,10,0,0,8,PD-2,"PD: mu=0.08, lambda0=0.50, betaN=-0.03, betaP=0.02 (max_t=6)",pd,TRUE,6,
1,done,9,7,1.2500000000015277e-4,0.0010000000000012221,9,PD-2,"PD: mu=0.08, lambda0=0.50, betaN=-0.03, betaP=0.02 (max_t=6)",pd,TRUE,6,
2,done,14,12,1.2500000000015277e-4,0.0010000000000012221,9,PD-2,"PD: mu=0.08, lambda0=0.50, betaN=-0.03, betaP=0.02 (max_t=6)",pd,TRUE,6,
3,done,11,10,1.2500000000015277e-4,0.0010000000000012221,9,PD-2,"PD: mu=0.08, lambda0=0.50, betaN=-0.03, betaP=0.02 (max_t=6)",pd,TRUE,6,
4,done,12,10,1.2500000000015277e-4,0.0010000000000012221,9,PD-2,"PD: mu=0.08, lambda0=0.50, betaN=-0.03, betaP=0.02 (max_t=6)",pd,TRUE,6,
5,done,15,14,1.2500000000015277e-4,0.0010000000000012221,9,PD-2,"PD: mu=0.08, lambda0=0.50, betaN=-0.03, betaP=0.02 (max_t=6)",pd,TRUE,6,
6,done,15,10,1.2500000000015277e-4,0.0010000000000012221,9,PD-2,"PD: mu=0.08, lambda0=0.50, betaN=-0.03, betaP=0.02 (max_t=6)",pd,TRUE,6,
7,done,15,12,1.2500000000015277e-4,0.0010000000000012221,9,PD-2,"PD: mu=0.08, lambda0=0.50, betaN=-0.03, betaP=0.02 (max_t=6)",pd,TRUE,6,
8,done,17,15,1.2500000000015277e-4,0.0010000000000012221,9,PD-2,"PD: mu=0.08, lambda0=0.50, betaN=-0.03, betaP=0.02 (max_t=6)",pd,TRUE,6,
1,done,17,13,0,0,10,PD-2,"PD: mu=0.08, lambda0=0.50, betaN=-0.03, betaP=0.02 (max_t=6)",pd,TRUE,6,
2,done,8,7,0,0,10,PD-2,"PD: mu=0.08, lambda0=0.50, betaN=-0.03, betaP=0.02 (max_t=6)",pd,TRUE,6,
3,done,11,10,0,0,10,PD-2,"PD: mu=0.08, lambda0=0.50, betaN=-0.03, betaP=0.02 (max_t=6)",pd,TRUE,6,
4,done,11,9,0,0,10,PD-2,"PD: mu=0.08, lambda0=0.50, betaN=-0.03, betaP=0.02 (max_t=6)",pd,TRUE,6,
5,done,14,10,0,0,10,PD-2,"PD: mu=0.08, lambda0=0.50, betaN=-0.03, betaP=0.02 (max_t=6)",pd,TRUE,6,
6,done,11,9,0,0,10,PD-2,"PD: mu=0.08, lambda0=0.50, betaN=-0.03, betaP=0.02 (max_t=6)",pd,TRUE,6,
7,done,6,6,0,0,10,PD-2,"PD: mu=0.08, lambda0=0.50, betaN=-0.03, betaP=0.02 (max_t=6)",pd,TRUE,6,
8,done,15,13,0,0,10,PD-2,"PD: mu=0.08, lambda0=0.50, betaN=-0.03, betaP=0.02 (max_t=6)",pd,TRUE,6,
1,done,16,14,0,0,11,PD-2,"PD: mu=0.08, lambda0=0.50, betaN=-0.03, betaP=0.02 (max_t=6)",pd,TRUE,6,
2,done,10,8,0,0,11,PD-2,"PD: mu=0.08, lambda0=0.50, betaN=-0.03, betaP=0.02 (max_t=6)",pd,TRUE,6,
3,done,10,9,0,0,11,PD-2,"PD: mu=0.08, lambda0=0.50, betaN=-0.03, betaP=0.02 (max_t=6)",pd,TRUE,6,
4,done,15,14,0,0,11,PD-2,"PD: mu=0.08, lambda0=0.50, betaN=-0.03, betaP=0.02 (max_t=6)",pd,TRUE,6,
5,done,13,10,0,0,11,PD-2,"PD: mu=0.08, lambda0=0.50, betaN=-0.03, betaP=0.02 (max_t=6)",pd,TRUE,6,
6,done,14,12,0,0,11,PD-2,"PD: mu=0.08, lambda0=0.50, betaN=-0.03, betaP=0.02 (max_t=6)",pd,TRUE,6,
7,done,17,13,0,0,11,PD-2,"PD: mu=0.08, lambda0=0.50, betaN=-0.03, betaP=0.02 (max_t=6)",pd,TRUE,6,
8,done,11,9,0,0,11,PD-2,"PD: mu=0.08, lambda0=0.50, betaN=-0.03, betaP=0.02 (max_t=6)",pd,TRUE,6,
1,done,17,13,1.2499999999993072e-4,9.999999999994458e-4,12,PD-2,"PD: mu=0.08, lambda0=0.50, betaN=-0.03, betaP=0.02 (max_t=6)",pd,TRUE,6,
2,done,13,9,1.2499999999993072e-4,9.999999999994458e-4,12,PD-2,"PD: mu=0.08, lambda0=0.50, betaN=-0.03, betaP=0.02 (max_t=6)",pd,TRUE,6,
3,done,9,7,1.2499999999993072e-4,9.999999999994458e-4,12,PD-2,"PD: mu=0.08, lambda0=0.50, betaN=-0.03, betaP=0.02 (max_t=6)",pd,TRUE,6,
4,done,18,13,1.2499999999993072e-4,9.999999999994458e-4,12,PD-2,"PD: mu=0.08, lambda0=0.50, betaN=-0.03, betaP=0.02 (max_t=6)",pd,TRUE,6,
5,done,11,10,1.2499999999993072e-4,9.999999999994458e-4,12,PD-2,"PD: mu=0.08, lambda0=0.50, betaN=-0.03, betaP=0.02 (max_t=6)",pd,TRUE,6,
6,done,10,8,1.2499999999993072e-4,9.999999999994458e-4,12,PD-2,"PD: mu=0.08, lambda0=0.50, betaN=-0.03, betaP=0.02 (max_t=6)",pd,TRUE,6,
7,done,16,13,1.2499999999993072e-4,9.999999999994458e-4,12,PD-2,"PD: mu=0.08, lambda0=0.50, betaN=-0.03, betaP=0.02 (max_t=6)",pd,TRUE,6,
8,done,12,10,1.2499999999993072e-4,9.999999999994458e-4,12,PD-2,"PD: mu=0.08, lambda0=0.50, betaN=-0.03, betaP=0.02 (max_t=6)",pd,TRUE,6,
1,done,40,21,0.045999999999999375,0.045999999999999375,1,PD-3,"PD: mu=0.06, lambda0=0.65, betaN=-0.04, betaP=0.03 (max_t=9)",pd,FALSE,9,
1,done,50,26,0.06899999999999906,0.06899999999999906,2,PD-3,"PD: mu=0.06, lambda0=0.65, betaN=-0.04, betaP=0.03 (max_t=9)",pd,FALSE,9,
1,done,48,25,0.06800000000000139,0.06800000000000139,3,PD-3,"PD: mu=0.06, lambda0=0.65, betaN=-0.04, betaP=0.03 (max_t=9)",pd,FALSE,9,
1,done,32,17,0.04499999999999993,0.04499999999999993,4,PD-3,"PD: mu=0.06, lambda0=0.65, betaN=-0.04, betaP=0.03 (max_t=9)",pd,FALSE,9,
1,done,40,21,0.051000000000000156,0.051000000000000156,5,PD-3,"PD: mu=0.06, lambda0=0.65, betaN=-0.04, betaP=0.03 (max_t=9)",pd,FALSE,9,
1,done,34,18,0.05400000000000027,0.05400000000000027,6,PD-3,"PD: mu=0.06, lambda0=0.65, betaN=-0.04, betaP=0.03 (max_t=9)",pd,FALSE,9,
1,done,50,26,0.08900000000000041,0.08900000000000041,7,PD-3,"PD: mu=0.06, lambda0=0.65, betaN=-0.04, betaP=0.03 (max_t=9)",pd,FALSE,9,
1,done,46,24,0.06899999999999906,0.06899999999999906,8,PD-3,"PD: mu=0.06, lambda0=0.65, betaN=-0.04, betaP=0.03 (max_t=9)",pd,FALSE,9,
1,done,38,20,0.04300000000000104,0.04300000000000104,9,PD-3,"PD: mu=0.06, lambda0=0.65, betaN=-0.04, betaP=0.03 (max_t=9)",pd,FALSE,9,
1,done,42,22,0.07600000000000051,0.07600000000000051,10,PD-3,"PD: mu=0.06, lambda0=0.65, betaN=-0.04, betaP=0.03 (max_t=9)",pd,FALSE,9,
1,done,46,24,0.08799999999999919,0.08799999999999919,11,PD-3,"PD: mu=0.06, lambda0=0.65, betaN=-0.04, betaP=0.03 (max_t=9)",pd,FALSE,9,
1,done,34,18,0.03999999999999915,0.03999999999999915,12,PD-3,"PD: mu=0.06, lambda0=0.65, betaN=-0.04, betaP=0.03 (max_t=9)",pd,FALSE,9,
1,done,25,18,1.2499999999993072e-4,9.999999999994458e-4,1,PD-3,"PD: mu=0.06, lambda0=0.65, betaN=-0.04, betaP=0.03 (max_t=9)",pd,TRUE,9,
2,done,20,17,1.2499999999993072e-4,9.999999999994458e-4,1,PD-3,"PD: mu=0.06, lambda0=0.65, betaN=-0.04, betaP=0.03 (max_t=9)",pd,TRUE,9,
3,done,23,15,1.2499999999993072e-4,9.999999999994458e-4,1,PD-3,"PD: mu=0.06, lambda0=0.65, betaN=-0.04, betaP=0.03 (max_t=9)",pd,TRUE,9,
4,done,20,14,1.2499999999993072e-4,9.999999999994458e-4,1,PD-3,"PD: mu=0.06, lambda0=0.65, betaN=-0.04, betaP=0.03 (max_t=9)",pd,TRUE,9,
5,done,23,16,1.2499999999993072e-4,9.999999999994458e-4,1,PD-3,"PD: mu=0.06, lambda0=0.65, betaN=-0.04, betaP=0.03 (max_t=9)",pd,TRUE,9,
6,done,25,19,1.2499999999993072e-4,9.999999999994458e-4,1,PD-3,"PD: mu=0.06, lambda0=0.65, betaN=-0.04, betaP=0.03 (max_t=9)",pd,TRUE,9,
7,done,21,16,1.2499999999993072e-4,9.999999999994458e-4,1,PD-3,"PD: mu=0.06, lambda0=0.65, betaN=-0.04, betaP=0.03 (max_t=9)",pd,TRUE,9,
8,done,19,14,1.2499999999993072e-4,9.999999999994458e-4,1,PD-3,"PD: mu=0.06, lambda0=0.65, betaN=-0.04, betaP=0.03 (max_t=9)",pd,TRUE,9,
1,done,22,15,1.2500000000015277e-4,0.0010000000000012221,2,PD-3,"PD: mu=0.06, lambda0=0.65, betaN=-0.04, betaP=0.03 (max_t=9)",pd,TRUE,9,
2,done,24,19,1.2500000000015277e-4,0.0010000000000012221,2,PD-3,"PD: mu=0.06, lambda0=0.65, betaN=-0.04, betaP=0.03 (max_t=9)",pd,TRUE,9,
3,done,19,15,1.2500000000015277e-4,0.0010000000000012221,2,PD-3,"PD: mu=0.06, lambda0=0.65, betaN=-0.04, betaP=0.03 (max_t=9)",pd,TRUE,9,
4,done,20,15,1.2500000000015277e-4,0.0010000000000012221,2,PD-3,"PD: mu=0.06, lambda0=0.65, betaN=-0.04, betaP=0.03 (max_t=9)",pd,TRUE,9,
5,done,27,16,1.2500000000015277e-4,0.0010000000000012221,2,PD-3,"PD: mu=0.06, lambda0=0.65, betaN=-0.04, betaP=0.03 (max_t=9)",pd,TRUE,9,
6,done,23,18,1.2500000000015277e-4,0.0010000000000012221,2,PD-3,"PD: mu=0.06, lambda0=0.65, betaN=-0.04, betaP=0.03 (max_t=9)",pd,TRUE,9,
7,done,23,16,1.2500000000015277e-4,0.0010000000000012221,2,PD-3,"PD: mu=0.06, lambda0=0.65, betaN=-0.04, betaP=0.03 (max_t=9)",pd,TRUE,9,
8,done,24,16,1.2500000000015277e-4,0.0010000000000012221,2,PD-3,"PD: mu=0.06, lambda0=0.65, betaN=-0.04, betaP=0.03 (max_t=9)",pd,TRUE,9,
1,done,22,19,0,0,3,PD-3,"PD: mu=0.06, lambda0=0.65, betaN=-0.04, betaP=0.03 (max_t=9)",pd,TRUE,9,
2,done,20,14,0,0,3,PD-3,"PD: mu=0.06, lambda0=0.65, betaN=-0.04, betaP=0.03 (max_t=9)",pd,TRUE,9,
3,done,19,17,0,0,3,PD-3,"PD: mu=0.06, lambda0=0.65, betaN=-0.04, betaP=0.03 (max_t=9)",pd,TRUE,9,
4,done,20,18,0,0,3,PD-3,"PD: mu=0.06, lambda0=0.65, betaN=-0.04, betaP=0.03 (max_t=9)",pd,TRUE,9,
5,done,19,17,0,0,3,PD-3,"PD: mu=0.06, lambda0=0.65, betaN=-0.04, betaP=0.03 (max_t=9)",pd,TRUE,9,
6,done,22,17,0,0,3,PD-3,"PD: mu=0.06, lambda0=0.65, betaN=-0.04, betaP=0.03 (max_t=9)",pd,TRUE,9,
7,done,15,13,0,0,3,PD-3,"PD: mu=0.06, lambda0=0.65, betaN=-0.04, betaP=0.03 (max_t=9)",pd,TRUE,9,
8,done,19,15,0,0,3,PD-3,"PD: mu=0.06, lambda0=0.65, betaN=-0.04, betaP=0.03 (max_t=9)",pd,TRUE,9,
1,done,20,15,0,0,4,PD-3,"PD: mu=0.06, lambda0=0.65, betaN=-0.04, betaP=0.03 (max_t=9)",pd,TRUE,9,
2,done,24,18,0,0,4,PD-3,"PD: mu=0.06, lambda0=0.65, betaN=-0.04, betaP=0.03 (max_t=9)",pd,TRUE,9,
3,done,27,16,0,0,4,PD-3,"PD: mu=0.06, lambda0=0.65, betaN=-0.04, betaP=0.03 (max_t=9)",pd,TRUE,9,
4,done,20,14,0,0,4,PD-3,"PD: mu=0.06, lambda0=0.65, betaN=-0.04, betaP=0.03 (max_t=9)",pd,TRUE,9,
5,done,24,19,0,0,4,PD-3,"PD: mu=0.06, lambda0=0.65, betaN=-0.04, betaP=0.03 (max_t=9)",pd,TRUE,9,
6,done,25,15,0,0,4,PD-3,"PD: mu=0.06, lambda0=0.65, betaN=-0.04, betaP=0.03 (max_t=9)",pd,TRUE,9,
7,done,25,16,0,0,4,PD-3,"PD: mu=0.06, lambda0=0.65, betaN=-0.04, betaP=0.03 (max_t=9)",pd,TRUE,9,
8,done,22,16,0,0,4,PD-3,"PD: mu=0.06, lambda0=0.65, betaN=-0.04, betaP=0.03 (max_t=9)",pd,TRUE,9,
1,done,24,14,1.2500000000015277e-4,0.0010000000000012221,5,PD-3,"PD: mu=0.06, lambda0=0.65, betaN=-0.04, betaP=0.03 (max_t=9)",pd,TRUE,9,
2,done,25,17,1.2500000000015277e-4,0.0010000000000012221,5,PD-3,"PD: mu=0.06, lambda0=0.65, betaN=-0.04, betaP=0.03 (max_t=9)",pd,TRUE,9,
3,done,20,17,1.2500000000015277e-4,0.0010000000000012221,5,PD-3,"PD: mu=0.06, lambda0=0.65, betaN=-0.04, betaP=0.03 (max_t=9)",pd,TRUE,9,
4,done,22,18,1.2500000000015277e-4,0.0010000000000012221,5,PD-3,"PD: mu=0.06, lambda0=0.65, betaN=-0.04, betaP=0.03 (max_t=9)",pd,TRUE,9,
5,done,22,17,1.2500000000015277e-4,0.0010000000000012221,5,PD-3,"PD: mu=0.06, lambda0=0.65, betaN=-0.04, betaP=0.03 (max_t=9)",pd,TRUE,9,
6,done,19,17,1.2500000000015277e-4,0.0010000000000012221,5,PD-3,"PD: mu=0.06, lambda0=0.65, betaN=-0.04, betaP=0.03 (max_t=9)",pd,TRUE,9,
7,done,21,14,1.2500000000015277e-4,0.0010000000000012221,5,PD-3,"PD: mu=0.06, lambda0=0.65, betaN=-0.04, betaP=0.03 (max_t=9)",pd,TRUE,9,
8,done,22,20,1.2500000000015277e-4,0.0010000000000012221,5,PD-3,"PD: mu=0.06, lambda0=0.65, betaN=-0.04, betaP=0.03 (max_t=9)",pd,TRUE,9,
1,done,27,18,1.2499999999993072e-4,9.999999999994458e-4,6,PD-3,"PD: mu=0.06, lambda0=0.65, betaN=-0.04, betaP=0.03 (max_t=9)",pd,TRUE,9,
2,done,24,17,1.2499999999993072e-4,9.999999999994458e-4,6,PD-3,"PD: mu=0.06, lambda0=0.65, betaN=-0.04, betaP=0.03 (max_t=9)",pd,TRUE,9,
3,done,20,17,1.2499999999993072e-4,9.999999999994458e-4,6,PD-3,"PD: mu=0.06, lambda0=0.65, betaN=-0.04, betaP=0.03 (max_t=9)",pd,TRUE,9,
4,done,24,18,1.2499999999993072e-4,9.999999999994458e-4,6,PD-3,"PD: mu=0.06, lambda0=0.65, betaN=-0.04, betaP=0.03 (max_t=9)",pd,TRUE,9,
5,done,22,18,1.2499999999993072e-4,9.999999999994458e-4,6,PD-3,"PD: mu=0.06, lambda0=0.65, betaN=-0.04, betaP=0.03 (max_t=9)",pd,TRUE,9,
6,done,21,19,1.2499999999993072e-4,9.999999999994458e-4,6,PD-3,"PD: mu=0.06, lambda0=0.65, betaN=-0.04, betaP=0.03 (max_t=9)",pd,TRUE,9,
7,done,25,18,1.2499999999993072e-4,9.999999999994458e-4,6,PD-3,"PD: mu=0.06, lambda0=0.65, betaN=-0.04, betaP=0.03 (max_t=9)",pd,TRUE,9,
8,done,22,16,1.2499999999993072e-4,9.999999999994458e-4,6,PD-3,"PD: mu=0.06, lambda0=0.65, betaN=-0.04, betaP=0.03 (max_t=9)",pd,TRUE,9,
1,done,23,17,0,0,7,PD-3,"PD: mu=0.06, lambda0=0.65, betaN=-0.04, betaP=0.03 (max_t=9)",pd,TRUE,9,
2,done,20,18,0,0,7,PD-3,"PD: mu=0.06, lambda0=0.65, betaN=-0.04, betaP=0.03 (max_t=9)",pd,TRUE,9,
3,done,25,17,0,0,7,PD-3,"PD: mu=0.06, lambda0=0.65, betaN=-0.04, betaP=0.03 (max_t=9)",pd,TRUE,9,
4,done,24,16,0,0,7,PD-3,"PD: mu=0.06, lambda0=0.65, betaN=-0.04, betaP=0.03 (max_t=9)",pd,TRUE,9,
5,done,22,16,0,0,7,PD-3,"PD: mu=0.06, lambda0=0.65, betaN=-0.04, betaP=0.03 (max_t=9)",pd,TRUE,9,
6,done,24,18,0,0,7,PD-3,"PD: mu=0.06, lambda0=0.65, betaN=-0.04, betaP=0.03 (max_t=9)",pd,TRUE,9,
7,done,22,15,0,0,7,PD-3,"PD: mu=0.06, lambda0=0.65, betaN=-0.04, betaP=0.03 (max_t=9)",pd,TRUE,9,
8,done,21,17,0,0,7,PD-3,"PD: mu=0.06, lambda0=0.65, betaN=-0.04, betaP=0.03 (max_t=9)",pd,TRUE,9,
1,done,23,17,1.2499999999993072e-4,9.999999999994458e-4,8,PD-3,"PD: mu=0.06, lambda0=0.65, betaN=-0.04, betaP=0.03 (max_t=9)",pd,TRUE,9,
2,done,21,18,1.2499999999993072e-4,9.999999999994458e-4,8,PD-3,"PD: mu=0.06, lambda0=0.65, betaN=-0.04, betaP=0.03 (max_t=9)",pd,TRUE,9,
3,done,22,19,1.2499999999993072e-4,9.999999999994458e-4,8,PD-3,"PD: mu=0.06, lambda0=0.65, betaN=-0.04, betaP=0.03 (max_t=9)",pd,TRUE,9,
4,done,22,17,1.2499999999993072e-4,9.999999999994458e-4,8,PD-3,"PD: mu=0.06, lambda0=0.65, betaN=-0.04, betaP=0.03 (max_t=9)",pd,TRUE,9,
5,done,23,18,1.2499999999993072e-4,9.999999999994458e-4,8,PD-3,"PD: mu=0.06, lambda0=0.65, betaN=-0.04, betaP=0.03 (max_t=9)",pd,TRUE,9,
6,done,21,16,1.2499999999993072e-4,9.999999999994458e-4,8,PD-3,"PD: mu=0.06, lambda0=0.65, betaN=-0.04, betaP=0.03 (max_t=9)",pd,TRUE,9,
7,done,25,16,1.2499999999993072e-4,9.999999999994458e-4,8,PD-3,"PD: mu=0.06, lambda0=0.65, betaN=-0.04, betaP=0.03 (max_t=9)",pd,TRUE,9,
8,done,19,17,1.2499999999993072e-4,9.999999999994458e-4,8,PD-3,"PD: mu=0.06, lambda0=0.65, betaN=-0.04, betaP=0.03 (max_t=9)",pd,TRUE,9,
1,done,25,19,1.2499999999993072e-4,9.999999999994458e-4,9,PD-3,"PD: mu=0.06, lambda0=0.65, betaN=-0.04, betaP=0.03 (max_t=9)",pd,TRUE,9,
2,done,21,14,1.2499999999993072e-4,9.999999999994458e-4,9,PD-3,"PD: mu=0.06, lambda0=0.65, betaN=-0.04, betaP=0.03 (max_t=9)",pd,TRUE,9,
3,done,17,14,1.2499999999993072e-4,9.999999999994458e-4,9,PD-3,"PD: mu=0.06, lambda0=0.65, betaN=-0.04, betaP=0.03 (max_t=9)",pd,TRUE,9,
4,done,23,17,1.2499999999993072e-4,9.999999999994458e-4,9,PD-3,"PD: mu=0.06, lambda0=0.65, betaN=-0.04, betaP=0.03 (max_t=9)",pd,TRUE,9,
5,done,21,16,1.2499999999993072e-4,9.999999999994458e-4,9,PD-3,"PD: mu=0.06, lambda0=0.65, betaN=-0.04, betaP=0.03 (max_t=9)",pd,TRUE,9,
6,done,20,18,1.2499999999993072e-4,9.999999999994458e-4,9,PD-3,"PD: mu=0.06, lambda0=0.65, betaN=-0.04, betaP=0.03 (max_t=9)",pd,TRUE,9,
7,done,24,19,1.2499999999993072e-4,9.999999999994458e-4,9,PD-3,"PD: mu=0.06, lambda0=0.65, betaN=-0.04, betaP=0.03 (max_t=9)",pd,TRUE,9,
8,done,20,19,1.2499999999993072e-4,9.999999999994458e-4,9,PD-3,"PD: mu=0.06, lambda0=0.65, betaN=-0.04, betaP=0.03 (max_t=9)",pd,TRUE,9,
1,done,25,18,0,0,10,PD-3,"PD: mu=0.06, lambda0=0.65, betaN=-0.04, betaP=0.03 (max_t=9)",pd,TRUE,9,
2,done,22,17,0,0,10,PD-3,"PD: mu=0.06, lambda0=0.65, betaN=-0.04, betaP=0.03 (max_t=9)",pd,TRUE,9,
3,done,16,12,0,0,10,PD-3,"PD: mu=0.06, lambda0=0.65, betaN=-0.04, betaP=0.03 (max_t=9)",pd,TRUE,9,
4,done,20,15,0,0,10,PD-3,"PD: mu=0.06, lambda0=0.65, betaN=-0.04, betaP=0.03 (max_t=9)",pd,TRUE,9,
5,done,21,16,0,0,10,PD-3,"PD: mu=0.06, lambda0=0.65, betaN=-0.04, betaP=0.03 (max_t=9)",pd,TRUE,9,
6,done,28,18,0,0,10,PD-3,"PD: mu=0.06, lambda0=0.65, betaN=-0.04, betaP=0.03 (max_t=9)",pd,TRUE,9,
7,done,25,17,0,0,10,PD-3,"PD: mu=0.06, lambda0=0.65, betaN=-0.04, betaP=0.03 (max_t=9)",pd,TRUE,9,
8,done,22,17,0,0,10,PD-3,"PD: mu=0.06, lambda0=0.65, betaN=-0.04, betaP=0.03 (max_t=9)",pd,TRUE,9,
1,done,20,15,0,0,11,PD-3,"PD: mu=0.06, lambda0=0.65, betaN=-0.04, betaP=0.03 (max_t=9)",pd,TRUE,9,
2,done,20,16,0,0,11,PD-3,"PD: mu=0.06, lambda0=0.65, betaN=-0.04, betaP=0.03 (max_t=9)",pd,TRUE,9,
3,done,22,15,0,0,11,PD-3,"PD: mu=0.06, lambda0=0.65, betaN=-0.04, betaP=0.03 (max_t=9)",pd,TRUE,9,
4,done,21,18,0,0,11,PD-3,"PD: mu=0.06, lambda0=0.65, betaN=-0.04, betaP=0.03 (max_t=9)",pd,TRUE,9,
5,done,19,16,0,0,11,PD-3,"PD: mu=0.06, lambda0=0.65, betaN=-0.04, betaP=0.03 (max_t=9)",pd,TRUE,9,
6,done,23,18,0,0,11,PD-3,"PD: mu=0.06, lambda0=0.65, betaN=-0.04, betaP=0.03 (max_t=9)",pd,TRUE,9,
7,done,24,13,0,0,11,PD-3,"PD: mu=0.06, lambda0=0.65, betaN=-0.04, betaP=0.03 (max_t=9)",pd,TRUE,9,
8,done,21,15,0,0,11,PD-3,"PD: mu=0.06, lambda0=0.65, betaN=-0.04, betaP=0.03 (max_t=9)",pd,TRUE,9,
1,done,19,15,0,0,12,PD-3,"PD: mu=0.06, lambda0=0.65, betaN=-0.04, betaP=0.03 (max_t=9)",pd,TRUE,9,
2,done,24,19,0,0,12,PD-3,"PD: mu=0.06, lambda0=0.65, betaN=-0.04, betaP=0.03 (max_t=9)",pd,TRUE,9,
3,done,21,17,0,0,12,PD-3,"PD: mu=0.06, lambda0=0.65, betaN=-0.04, betaP=0.03 (max_t=9)",pd,TRUE,9,
4,done,21,18,0,0,12,PD-3,"PD: mu=0.06, lambda0=0.65, betaN=-0.04, betaP=0.03 (max_t=9)",pd,TRUE,9,
5,done,23,16,0,0,12,PD-3,"PD: mu=0.06, lambda0=0.65, betaN=-0.04, betaP=0.03 (max_t=9)",pd,TRUE,9,
6,done,23,15,0,0,12,PD-3,"PD: mu=0.06, lambda0=0.65, betaN=-0.04, betaP=0.03 (max_t=9)",pd,TRUE,9,
7,done,21,17,0,0,12,PD-3,"PD: mu=0.06, lambda0=0.65, betaN=-0.04, betaP=0.03 (max_t=9)",pd,TRUE,9,
8,done,23,17,0,0,12,PD-3,"PD: mu=0.06, lambda0=0.65, betaN=-0.04, betaP=0.03 (max_t=9)",pd,TRUE,9,
